"sample_id","subject_id","survey_timestamp","check_point","class"
"7_1","7",2022-11-23 14:40:10.5,"1","Subject"
"15_1","15",2022-11-23 19:23:44,"1","Subject"
"16_1","16",2022-11-23 15:47:58.5,"1","Subject"
"19_1","19",2022-11-23 15:37:44.5,"1","Subject"
"20_1","20",2022-11-23 18:48:44,"1","Subject"
"24_1","24",2022-11-27 00:21:11,"1","Subject"
"25_1","25",2022-11-28 12:57:59.5,"1","Subject"
"29_1","29",2022-11-25 11:17:03.5,"1","Subject"
"34_1","34",2022-11-24 01:35:07,"1","Subject"
"35_1","35",2022-11-24 16:53:51.5,"1","Subject"
"39_1","39",2022-11-23 15:57:12,"1","Subject"
"40_1","40",2022-11-24 01:59:34.5,"1","Subject"
"41_1","41",2022-11-24 02:32:26.5,"1","Subject"
"43_1","43",2022-11-24 19:17:51.5,"1","Subject"
"46_1","46",2022-11-23 16:26:20,"1","Subject"
"47_1","47",2022-11-23 19:36:25.5,"1","Subject"
"48_1","48",2022-11-29 03:18:37,"1","Subject"
"49_1","49",2022-11-23 20:30:23.5,"1","Subject"
"50_1","50",2022-11-23 15:13:19,"1","Subject"
"51_1","51",2022-11-24 06:33:10,"1","Subject"
"63_1","63",2022-11-26 23:35:37.5,"1","Subject"
"65_1","65",2022-11-26 11:04:34,"1","Subject"
"66_1","66",2022-11-23 16:56:54,"1","Subject"
"67_1","67",2022-11-23 15:43:35.5,"1","Subject"
"68_1","68",2022-11-24 02:42:54,"1","Subject"
"69_1","69",2022-11-24 20:25:31.5,"1","Subject"
"74_1","74",2022-11-23 19:11:12,"1","Subject"
"78_1","78",2022-11-23 18:49:53.5,"1","Subject"
"79_1","79",2022-11-23 15:33:15,"1","Subject"
"81_1","81",2022-11-23 19:28:46.5,"1","Subject"
"87_1","87",2022-11-24 03:22:27.5,"1","Subject"
"88_1","88",2022-11-24 07:53:49,"1","Subject"
"89_1","89",2022-11-25 07:29:19,"1","Subject"
"91_1","91",2022-11-24 00:51:38.5,"1","Subject"
"97_1","97",2022-11-23 15:04:02.5,"1","Subject"
"101_1","101",2022-11-23 16:38:57.5,"1","Subject"
"103_1","103",2022-11-25 01:52:08.5,"1","Subject"
"110_1","110",2022-11-25 07:56:13.5,"1","Subject"
"111_1","111",2022-11-28 07:41:41.5,"1","Subject"
"113_1","113",2022-11-24 16:10:31,"1","Subject"
"114_1","114",2022-11-23 16:55:09,"1","Subject"
"116_1","116",2022-11-23 16:02:57,"1","Subject"
"119_1","119",2022-11-24 17:44:14,"1","Subject"
"121_1","121",2022-11-23 16:01:06.5,"1","Subject"
"125_1","125",2022-11-28 00:24:31,"1","Subject"
"127_1","127",2022-11-23 16:33:13.5,"1","Subject"
"129_1","129",2022-11-23 17:38:02,"1","Subject"
"130_1","130",2022-11-26 16:20:43,"1","Subject"
"134_1","134",2022-11-27 11:33:17,"1","Subject"
"135_1","135",2022-11-23 17:33:53,"1","Subject"
"137_1","137",2022-11-23 20:31:34.5,"1","Subject"
"138_1","138",2022-11-28 06:46:29,"1","Subject"
"141_1","141",2022-11-24 00:31:14.5,"1","Subject"
"142_1","142",2022-11-24 16:47:45.5,"1","Subject"
"149_1","149",2022-11-24 14:17:31.5,"1","Subject"
"150_1","150",2022-11-23 17:50:35.5,"1","Subject"
"151_1","151",2022-11-24 09:38:49.5,"1","Subject"
"152_1","152",2022-11-29 00:30:26,"1","Subject"
"153_1","153",2022-11-25 16:53:40,"1","Subject"
"157_1","157",2022-11-29 11:40:47.5,"1","Subject"
"161_1","161",2022-11-24 07:33:07.5,"1","Subject"
"162_1","162",2022-11-26 01:32:53,"1","Subject"
"163_1","163",2022-11-23 17:08:24.5,"1","Subject"
"164_1","164",2022-11-24 12:32:21,"1","Subject"
"165_1","165",2022-11-26 07:16:26.5,"1","Subject"
"168_1","168",2022-11-23 17:22:30.5,"1","Subject"
"171_1","171",2022-11-26 19:36:30.5,"1","Subject"
"172_1","172",2022-11-23 18:35:53,"1","Subject"
"176_1","176",2022-11-25 19:08:41.5,"1","Subject"
"182_1","182",2022-11-23 18:42:07.5,"1","Subject"
"183_1","183",2022-11-30 18:02:00.5,"1","Subject"
"186_1","186",2022-11-23 16:55:52,"1","Subject"
"191_1","191",2022-11-26 23:03:40,"1","Subject"
"197_1","197",2022-11-24 06:48:07.5,"1","Subject"
"201_1","201",2022-11-25 00:17:38,"1","Subject"
"203_1","203",2022-11-24 00:16:01.5,"1","Subject"
"205_1","205",2022-11-24 07:22:28,"1","Subject"
"209_1","209",2022-11-23 18:33:09,"1","Subject"
"211_1","211",2022-11-24 19:24:18,"1","Subject"
"213_1","213",2022-11-24 07:47:33,"1","Subject"
"214_1","214",2022-11-26 05:26:07,"1","Subject"
"215_1","215",2022-11-24 23:39:27.5,"1","Subject"
"216_1","216",2022-11-25 06:43:18,"1","Subject"
"217_1","217",2022-11-30 17:49:53.5,"1","Subject"
"220_1","220",2022-11-26 17:36:36,"1","Subject"
"223_1","223",2022-11-25 01:34:14,"1","Subject"
"224_1","224",2022-11-23 19:52:00,"1","Subject"
"226_1","226",2022-11-23 19:42:49.5,"1","Subject"
"227_1","227",2022-11-23 18:59:19,"1","Subject"
"228_1","228",2022-11-23 17:49:23,"1","Subject"
"233_1","233",2022-11-23 17:48:02.5,"1","Subject"
"234_1","234",2022-11-29 06:07:31.5,"1","Subject"
"235_1","235",2022-11-23 18:05:15,"1","Subject"
"236_1","236",2022-11-27 17:38:36.5,"1","Subject"
"245_1","245",2022-11-25 08:09:35.5,"1","Subject"
"251_1","251",2022-11-24 09:59:51.5,"1","Subject"
"252_1","252",2022-11-26 09:31:12,"1","Subject"
"257_1","257",2022-11-27 12:47:01.5,"1","Subject"
"263_1","263",2022-11-25 19:53:55.5,"1","Subject"
"264_1","264",2022-11-30 17:38:41,"1","Subject"
"266_1","266",2022-11-24 06:57:18.5,"1","Subject"
"267_1","267",2022-11-23 17:58:50.5,"1","Subject"
"268_1","268",2022-11-25 08:13:22.5,"1","Subject"
"272_1","272",2022-11-27 14:39:57.5,"1","Subject"
"275_1","275",2022-11-25 19:54:16.5,"1","Subject"
"277_1","277",2022-11-23 22:51:25.5,"1","Subject"
"285_1","285",2022-11-24 03:10:09.5,"1","Subject"
"288_1","288",2022-11-23 17:52:35.5,"1","Subject"
"289_1","289",2022-11-26 09:07:38.5,"1","Subject"
"291_1","291",2022-11-23 18:34:21.5,"1","Subject"
"293_1","293",2022-11-24 03:56:38,"1","Subject"
"295_1","295",2022-11-24 06:19:17.5,"1","Subject"
"296_1","296",2022-11-26 18:41:56.5,"1","Subject"
"298_1","298",2022-11-23 21:52:57,"1","Subject"
"302_1","302",2022-11-30 14:32:17,"1","Subject"
"310_1","310",2022-11-24 00:35:22,"1","Subject"
"317_1","317",2022-11-24 12:26:40.5,"1","Subject"
"321_1","321",2022-11-25 15:17:52,"1","Subject"
"326_1","326",2022-11-24 02:12:21.5,"1","Subject"
"328_1","328",2022-11-25 11:14:51,"1","Subject"
"329_1","329",2022-11-24 14:39:10,"1","Subject"
"335_1","335",2022-11-24 07:51:17.5,"1","Subject"
"339_1","339",2022-11-24 22:47:06.5,"1","Subject"
"343_1","343",2022-11-28 13:57:37.5,"1","Subject"
"346_1","346",2022-11-24 00:55:48.5,"1","Subject"
"349_1","349",2022-11-23 19:00:46.5,"1","Subject"
"350_1","350",2022-11-24 05:15:30.5,"1","Subject"
"351_1","351",2022-11-25 00:55:38.5,"1","Subject"
"352_1","352",2022-11-23 20:31:39,"1","Subject"
"353_1","353",2022-11-23 23:24:29,"1","Subject"
"354_1","354",2022-11-23 18:17:08.5,"1","Subject"
"358_1","358",2022-11-23 20:23:43,"1","Subject"
"361_1","361",2022-11-24 10:06:06.5,"1","Subject"
"363_1","363",2022-11-24 07:54:15,"1","Subject"
"364_1","364",2022-11-23 18:33:21.5,"1","Subject"
"366_1","366",2022-11-23 18:45:00,"1","Subject"
"369_1","369",2022-11-23 19:51:10,"1","Subject"
"370_1","370",2022-11-23 20:47:23,"1","Subject"
"373_1","373",2022-11-23 19:43:28,"1","Subject"
"379_1","379",2022-11-23 21:00:01.5,"1","Subject"
"381_1","381",2022-11-24 18:55:51,"1","Subject"
"383_1","383",2022-11-25 07:03:06,"1","Subject"
"384_1","384",2022-11-27 18:05:48,"1","Subject"
"385_1","385",2022-11-24 00:50:20,"1","Subject"
"386_1","386",2022-11-26 11:08:12,"1","Subject"
"396_1","396",2022-11-28 02:07:04,"1","Subject"
"399_1","399",2022-11-24 22:53:15.5,"1","Subject"
"403_1","403",2022-11-26 00:21:45.5,"1","Subject"
"407_1","407",2022-11-27 09:16:53,"1","Subject"
"409_1","409",2022-11-29 04:46:50,"1","Subject"
"414_1","414",2022-11-26 03:12:41.5,"1","Subject"
"416_1","416",2022-11-29 01:44:59.5,"1","Subject"
"422_1","422",2022-11-25 03:59:54,"1","Subject"
"425_1","425",2022-11-24 19:15:28.5,"1","Subject"
"426_1","426",2022-11-26 07:00:49,"1","Subject"
"429_1","429",2022-11-25 23:22:50.5,"1","Subject"
"431_1","431",2022-11-28 16:56:21,"1","Subject"
"433_1","433",2022-11-26 05:47:17.5,"1","Subject"
"434_1","434",2022-11-24 17:53:29.5,"1","Subject"
"437_1","437",2022-11-24 04:19:16,"1","Subject"
"439_1","439",2022-11-28 07:31:35.5,"1","Subject"
"454_1","454",2022-11-28 06:42:22,"1","Subject"
"461_1","461",2022-11-26 17:41:52.5,"1","Subject"
"462_1","462",2022-11-24 08:30:34.5,"1","Subject"
"466_1","466",2022-11-26 20:58:57,"1","Subject"
"474_1","474",2022-11-25 01:29:20,"1","Subject"
"476_1","476",2022-11-25 10:25:43.5,"1","Subject"
"479_1","479",2022-11-25 07:56:33,"1","Subject"
"480_1","480",2022-11-24 08:03:06,"1","Subject"
"488_1","488",2022-11-24 11:20:50,"1","Subject"
"494_1","494",2022-11-29 09:10:07,"1","Subject"
"499_1","499",2022-11-25 14:59:38.5,"1","Subject"
"501_1","501",2022-11-26 22:52:52,"1","Subject"
"505_1","505",2022-11-27 07:35:13,"1","Subject"
"509_1","509",2022-11-27 00:53:44.5,"1","Subject"
"510_1","510",2022-11-24 16:35:50,"1","Subject"
"511_1","511",2022-11-24 11:15:56,"1","Subject"
"512_1","512",2022-11-28 11:11:02,"1","Subject"
"513_1","513",2022-11-25 07:55:09,"1","Subject"
"521_1","521",2022-11-24 13:04:32.5,"1","Subject"
"524_1","524",2022-11-24 12:10:07.5,"1","Subject"
"529_1","529",2022-11-24 13:54:25.5,"1","Subject"
"535_1","535",2022-11-26 19:40:10.5,"1","Subject"
"536_1","536",2022-11-25 23:06:41.5,"1","Subject"
"537_1","537",2022-11-26 13:58:09.5,"1","Subject"
"538_1","538",2022-11-25 11:17:32.5,"1","Subject"
"540_1","540",2022-11-24 12:31:16,"1","Subject"
"543_1","543",2022-11-24 18:30:57.5,"1","Subject"
"547_1","547",2022-11-24 18:17:38.5,"1","Subject"
"550_1","550",2022-11-25 11:32:28,"1","Subject"
"551_1","551",2022-11-26 07:28:29,"1","Subject"
"554_1","554",2022-11-24 19:05:58,"1","Subject"
"559_1","559",2022-11-26 23:08:42.5,"1","Subject"
"566_1","566",2022-11-24 19:23:25,"1","Subject"
"567_1","567",2022-11-26 19:37:32.5,"1","Subject"
"568_1","568",2022-12-02 16:16:15.5,"1","Subject"
"569_1","569",2022-11-27 00:03:20.5,"1","Subject"
"572_1","572",2022-11-24 19:41:49.5,"1","Subject"
"576_1","576",2022-11-25 09:19:56.5,"1","Subject"
"581_1","581",2022-11-25 10:36:24,"1","Subject"
"582_1","582",2022-12-01 11:08:35,"1","Subject"
"585_1","585",2022-11-29 06:29:09.5,"1","Subject"
"587_1","587",2022-11-25 06:34:42,"1","Subject"
"588_1","588",2022-11-27 07:42:56.5,"1","Subject"
"591_1","591",2022-11-27 13:29:44,"1","Subject"
"593_1","593",2022-11-25 17:00:19,"1","Subject"
"595_1","595",2022-11-26 21:13:30,"1","Subject"
"596_1","596",2022-11-26 12:25:47,"1","Subject"
"597_1","597",2022-11-25 18:01:15,"1","Subject"
"603_1","603",2022-11-26 00:28:36.5,"1","Subject"
"619_1","619",2022-11-29 22:20:53.5,"1","Subject"
"630_1","630",2022-11-29 13:28:00,"1","Subject"
"641_1","641",2022-11-25 21:03:52.5,"1","Subject"
"647_1","647",2022-11-26 09:46:52.5,"1","Subject"
"648_1","648",2022-11-26 09:46:49,"1","Subject"
"658_1","658",2022-11-29 09:46:41,"1","Subject"
"660_1","660",2022-11-26 09:50:14,"1","Subject"
"663_1","663",2022-11-27 18:22:21,"1","Subject"
"670_1","670",2022-11-28 16:03:01,"1","Subject"
"674_1","674",2022-11-27 17:01:14.5,"1","Subject"
"676_1","676",2022-11-27 14:31:22.5,"1","Subject"
"678_1","678",2022-11-28 10:25:17.5,"1","Subject"
"679_1","679",2022-11-28 13:00:21,"1","Subject"
"681_1","681",2022-11-26 14:18:27.5,"1","Subject"
"688_1","688",2022-11-29 07:53:17.5,"1","Subject"
"692_1","692",2022-11-28 04:01:22,"1","Subject"
"693_1","693",2022-11-26 13:34:45,"1","Subject"
"707_1","707",2022-11-27 00:14:16,"1","Subject"
"711_1","711",2022-12-02 02:18:51.5,"1","Subject"
"713_1","713",2022-11-27 02:42:19,"1","Subject"
"738_1","738",2022-11-27 07:35:53,"1","Subject"
"749_1","749",2022-11-27 09:08:28,"1","Subject"
"753_1","753",2022-11-27 12:28:03.5,"1","Subject"
"760_1","760",2022-11-27 11:04:32,"1","Subject"
"789_1","789",2022-11-28 09:37:26.5,"1","Subject"
"791_1","791",2022-11-28 19:23:33.5,"1","Subject"
"799_1","799",2022-11-28 16:32:41,"1","Subject"
"806_1","806",2022-11-28 16:27:48,"1","Subject"
"807_1","807",2022-11-28 18:57:16.5,"1","Subject"
"812_1","812",2022-12-01 12:15:23,"1","Subject"
"813_1","813",2022-11-28 19:10:21.5,"1","Subject"
"815_1","815",2022-11-28 20:00:18.5,"1","Subject"
"816_1","816",2022-12-01 12:08:12.5,"1","Subject"
"824_1","824",2022-12-01 07:10:28,"1","Subject"
"828_1","828",2022-11-29 15:32:30.5,"1","Subject"
"834_1","834",2022-11-30 19:25:10,"1","Subject"
"838_1","838",2022-11-29 17:30:44,"1","Subject"
"839_1","839",2022-11-29 20:33:10.5,"1","Subject"
"840_1","840",2022-11-29 15:29:35.5,"1","Subject"
"851_1","851",2022-12-04 15:39:27.5,"1","Subject"
"854_1","854",2022-11-30 09:05:11.5,"1","Subject"
"856_1","856",2022-11-30 08:38:09,"1","Subject"
"861_1","861",2022-11-30 10:37:25.5,"1","Subject"
"875_1","875",2022-11-30 17:51:45.5,"1","Subject"
"879_1","879",2022-11-30 13:48:09.5,"1","Subject"
"882_1","882",2022-12-02 00:30:36,"1","Subject"
"889_1","889",2022-11-30 18:35:01,"1","Subject"
"891_1","891",2022-11-30 11:09:12.5,"1","Subject"
"897_1","897",2022-11-30 17:35:46.5,"1","Subject"
"899_1","899",2022-12-05 18:05:08,"1","Subject"
"900_1","900",2022-11-30 13:44:52.5,"1","Subject"
"901_1","901",2022-12-01 12:56:37,"1","Subject"
"912_1","912",2022-11-30 12:00:18.5,"1","Subject"
"913_1","913",2022-11-30 23:46:46.5,"1","Subject"
"918_1","918",2022-11-30 14:29:32,"1","Subject"
"919_1","919",2022-11-30 16:06:31,"1","Subject"
"923_1","923",2022-11-30 13:09:14.5,"1","Subject"
"931_1","931",2022-12-01 02:04:01.5,"1","Subject"
"938_1","938",2022-11-30 11:22:49.5,"1","Subject"
"942_1","942",2022-12-01 12:06:31,"1","Subject"
"943_1","943",2022-12-01 21:46:01,"1","Subject"
"948_1","948",2022-12-01 06:17:35,"1","Subject"
"950_1","950",2022-12-01 00:43:07.5,"1","Subject"
"957_1","957",2022-11-30 11:51:19.5,"1","Subject"
"962_1","962",2022-12-01 00:04:30,"1","Subject"
"963_1","963",2022-12-01 02:10:08.5,"1","Subject"
"969_1","969",2022-11-30 13:12:48.5,"1","Subject"
"972_1","972",2022-11-30 17:51:00.5,"1","Subject"
"976_1","976",2022-12-04 09:07:23.5,"1","Subject"
"979_1","979",2022-11-30 19:32:39.5,"1","Subject"
"985_1","985",2022-11-30 18:01:27.5,"1","Subject"
"989_1","989",2022-12-01 10:39:09.5,"1","Subject"
"990_1","990",2022-11-30 20:40:48,"1","Subject"
"1002_1","1002",2022-11-30 12:28:35.5,"1","Subject"
"1004_1","1004",2022-12-01 18:02:15,"1","Subject"
"1011_1","1011",2022-12-01 13:58:44,"1","Subject"
"1018_1","1018",2022-11-30 12:33:13,"1","Subject"
"1024_1","1024",2022-12-01 12:51:43.5,"1","Subject"
"1025_1","1025",2022-12-02 00:24:25.5,"1","Subject"
"1026_1","1026",2022-12-01 06:26:05.5,"1","Subject"
"1027_1","1027",2022-12-01 18:10:45.5,"1","Subject"
"1030_1","1030",2022-12-01 19:33:09.5,"1","Subject"
"1031_1","1031",2022-12-01 21:06:07,"1","Subject"
"1035_1","1035",2022-12-01 14:52:55,"1","Subject"
"1041_1","1041",2022-11-30 14:00:59.5,"1","Subject"
"1042_1","1042",2022-11-30 16:53:36.5,"1","Subject"
"1043_1","1043",2022-11-30 12:13:37,"1","Subject"
"1046_1","1046",2022-11-30 17:30:53,"1","Subject"
"1050_1","1050",2022-11-30 11:41:52,"1","Subject"
"1052_1","1052",2022-11-30 12:59:24,"1","Subject"
"1056_1","1056",2022-12-01 01:31:19.5,"1","Subject"
"1060_1","1060",2022-12-01 11:36:36.5,"1","Subject"
"1067_1","1067",2022-11-30 13:32:50,"1","Subject"
"1073_1","1073",2022-11-30 14:55:19.5,"1","Subject"
"1076_1","1076",2022-11-30 12:35:43,"1","Subject"
"1080_1","1080",2022-12-01 15:32:39,"1","Subject"
"1081_1","1081",2022-11-30 20:43:38,"1","Subject"
"1084_1","1084",2022-11-30 12:42:42.5,"1","Subject"
"1088_1","1088",2022-12-01 03:10:54,"1","Subject"
"1089_1","1089",2022-11-30 14:40:29.5,"1","Subject"
"1090_1","1090",2022-11-30 17:09:05.5,"1","Subject"
"1091_1","1091",2022-12-01 14:34:53,"1","Subject"
"1094_1","1094",2022-11-30 20:40:48,"1","Subject"
"1098_1","1098",2022-11-30 23:08:59.5,"1","Subject"
"1099_1","1099",2022-12-01 13:06:39,"1","Subject"
"1105_1","1105",2022-11-30 12:08:18.5,"1","Subject"
"1106_1","1106",2022-11-30 12:13:28.5,"1","Subject"
"1114_1","1114",2022-12-01 05:47:07,"1","Subject"
"1120_1","1120",2022-12-03 01:43:34.5,"1","Subject"
"1124_1","1124",2022-11-30 12:51:51,"1","Subject"
"1126_1","1126",2022-11-30 13:18:28.5,"1","Subject"
"1127_1","1127",2022-12-02 16:22:06,"1","Subject"
"1130_1","1130",2022-11-30 21:35:35.5,"1","Subject"
"1137_1","1137",2022-12-01 11:40:10.5,"1","Subject"
"1138_1","1138",2022-12-02 00:25:31,"1","Subject"
"1139_1","1139",2022-11-30 12:13:55,"1","Subject"
"1147_1","1147",2022-11-30 22:21:46.5,"1","Subject"
"1148_1","1148",2022-11-30 12:14:37.5,"1","Subject"
"1156_1","1156",2022-12-01 11:19:54.5,"1","Subject"
"1164_1","1164",2022-12-01 18:40:30,"1","Subject"
"1173_1","1173",2022-11-30 21:53:52,"1","Subject"
"1176_1","1176",2022-11-30 17:53:12.5,"1","Subject"
"1183_1","1183",2022-12-01 11:11:57,"1","Subject"
"1186_1","1186",2022-12-01 02:00:53,"1","Subject"
"1204_1","1204",2022-12-01 08:47:10,"1","Subject"
"1211_1","1211",2022-11-30 13:44:04,"1","Subject"
"1213_1","1213",2022-11-30 13:48:54,"1","Subject"
"1227_1","1227",2022-12-01 02:12:49.5,"1","Subject"
"1231_1","1231",2022-11-30 15:18:53.5,"1","Subject"
"1233_1","1233",2022-11-30 17:54:10.5,"1","Subject"
"1235_1","1235",2022-12-01 21:15:29,"1","Subject"
"1249_1","1249",2022-12-01 03:25:02,"1","Subject"
"1253_1","1253",2022-12-02 00:16:25,"1","Subject"
"1255_1","1255",2022-11-30 17:38:00.5,"1","Subject"
"1258_1","1258",2022-12-01 11:11:35,"1","Subject"
"1262_1","1262",2022-12-01 03:18:32,"1","Subject"
"1265_1","1265",2022-11-30 19:02:16,"1","Subject"
"1271_1","1271",2022-12-01 04:26:10,"1","Subject"
"1276_1","1276",2022-11-30 17:50:37.5,"1","Subject"
"1278_1","1278",2022-12-01 02:35:42,"1","Subject"
"1284_1","1284",2022-12-01 02:49:45,"1","Subject"
"1285_1","1285",2022-12-01 08:42:47.5,"1","Subject"
"1287_1","1287",2022-12-01 09:09:10,"1","Subject"
"1288_1","1288",2022-11-30 19:05:03.5,"1","Subject"
"1296_1","1296",2022-11-30 17:30:49.5,"1","Subject"
"1316_1","1316",2022-11-30 18:46:39,"1","Subject"
"1320_1","1320",2022-12-01 16:45:46.5,"1","Subject"
"1328_1","1328",2022-12-05 02:32:45,"1","Subject"
"1332_1","1332",2022-12-01 09:58:24.5,"1","Subject"
"1340_1","1340",2022-11-30 18:52:11.5,"1","Subject"
"1349_1","1349",2022-11-30 21:07:36.5,"1","Subject"
"1355_1","1355",2022-12-01 02:35:26.5,"1","Subject"
"1361_1","1361",2022-11-30 18:22:54,"1","Subject"
"1372_1","1372",2022-12-01 05:35:06,"1","Subject"
"1381_1","1381",2022-12-01 23:17:28,"1","Subject"
"1384_1","1384",2022-12-01 08:37:00,"1","Subject"
"1401_1","1401",2022-12-01 18:46:35,"1","Subject"
"1405_1","1405",2022-11-30 20:12:48.5,"1","Subject"
"1409_1","1409",2022-12-05 09:30:46,"1","Subject"
"1417_1","1417",2022-12-01 15:59:51.5,"1","Subject"
"1424_1","1424",2022-12-01 07:26:53,"1","Subject"
"1431_1","1431",2022-12-01 09:21:17,"1","Subject"
"1434_1","1434",2022-12-01 05:23:29.5,"1","Subject"
"1439_1","1439",2022-12-02 17:19:38.5,"1","Subject"
"1459_1","1459",2022-12-01 07:17:37.5,"1","Subject"
"1460_1","1460",2022-12-01 07:13:15,"1","Subject"
"1464_1","1464",2022-12-01 09:18:19.5,"1","Subject"
"1467_1","1467",2022-12-01 09:22:30.5,"1","Subject"
"1469_1","1469",2022-12-01 21:25:30,"1","Subject"
"1471_1","1471",2022-12-01 14:46:33,"1","Subject"
"1481_1","1481",2022-12-01 10:25:51.5,"1","Subject"
"1501_1","1501",2022-12-01 13:14:39.5,"1","Subject"
"1505_1","1505",2022-12-01 16:39:52,"1","Subject"
"1507_1","1507",2022-12-01 16:49:17,"1","Subject"
"1513_1","1513",2022-12-01 16:49:36.5,"1","Subject"
"1524_1","1524",2022-12-03 12:38:17,"1","Subject"
"1533_1","1533",2022-12-02 10:19:51.5,"1","Subject"
"1534_1","1534",2022-12-01 22:48:00.5,"1","Subject"
"1539_1","1539",2022-12-01 22:16:16,"1","Subject"
"1543_1","1543",2022-12-02 07:01:14.5,"1","Subject"
"1549_1","1549",2022-12-02 09:46:38.5,"1","Subject"
"1551_1","1551",2022-12-02 11:15:05,"1","Subject"
"1658_1","1658",2022-12-05 09:33:33,"1","Subject"
"1665_1","1665",2022-12-02 11:24:54,"1","Subject"
"1677_1","1677",2022-12-04 22:32:02.5,"1","Subject"
"1680_1","1680",2022-12-02 23:14:09.5,"1","Subject"
"7_2","7",2022-12-08 09:31:43.5,"2","Subject"
"15_2","15",2022-12-08 13:17:52,"2","Subject"
"16_2","16",2022-12-16 12:36:20,"2","Subject"
"19_2","19",2022-12-09 20:46:29,"2","Subject"
"20_2","20",2022-12-08 13:27:19,"2","Subject"
"24_2","24",2022-12-09 03:04:08.5,"2","Subject"
"25_2","25",2022-12-09 13:53:50.5,"2","Subject"
"29_2","29",2022-12-12 09:39:56,"2","Subject"
"34_2","34",2022-12-12 11:01:30.5,"2","Subject"
"35_2","35",2022-12-08 11:00:55.5,"2","Subject"
"39_2","39",2022-12-08 15:39:03,"2","Subject"
"40_2","40",2022-12-08 16:47:42.5,"2","Subject"
"41_2","41",2022-12-12 10:15:29.5,"2","Subject"
"43_2","43",2022-12-11 04:17:34.5,"2","Subject"
"46_2","46",2022-12-08 14:18:53.5,"2","Subject"
"47_2","47",2022-12-08 10:10:34.5,"2","Subject"
"48_2","48",2022-12-12 14:34:59.5,"2","Subject"
"49_2","49",2022-12-08 12:22:53,"2","Subject"
"50_2","50",2022-12-08 13:08:33.5,"2","Subject"
"51_2","51",2022-12-09 09:43:39,"2","Subject"
"65_2","65",2022-12-16 11:59:40.5,"2","Subject"
"66_2","66",2022-12-10 10:48:36,"2","Subject"
"67_2","67",2022-12-08 11:57:14,"2","Subject"
"68_2","68",2022-12-08 11:41:09,"2","Subject"
"69_2","69",2022-12-08 22:27:45,"2","Subject"
"74_2","74",2022-12-11 14:07:38,"2","Subject"
"78_2","78",2022-12-08 10:24:29.5,"2","Subject"
"79_2","79",2022-12-10 12:43:08.5,"2","Subject"
"81_2","81",2022-12-08 09:38:32.5,"2","Subject"
"88_2","88",2022-12-09 13:25:52,"2","Subject"
"89_2","89",2022-12-10 19:50:01.5,"2","Subject"
"91_2","91",2022-12-08 09:35:02,"2","Subject"
"97_2","97",2022-12-08 14:50:38,"2","Subject"
"101_2","101",2022-12-09 13:09:44,"2","Subject"
"103_2","103",2022-12-10 15:59:18.5,"2","Subject"
"110_2","110",2022-12-08 15:33:47.5,"2","Subject"
"111_2","111",2023-01-03 04:17:15.5,"2","Subject"
"113_2","113",2022-12-08 13:56:30.5,"2","Subject"
"114_2","114",2022-12-08 19:03:07.5,"2","Subject"
"116_2","116",2022-12-08 15:46:14,"2","Subject"
"119_2","119",2022-12-19 00:49:14,"2","Subject"
"121_2","121",2022-12-08 19:52:46.5,"2","Subject"
"125_2","125",2022-12-11 18:50:37,"2","Subject"
"127_2","127",2022-12-09 11:30:27,"2","Subject"
"129_2","129",2022-12-08 09:16:29,"2","Subject"
"130_2","130",2022-12-10 09:37:49,"2","Subject"
"134_2","134",2022-12-17 16:47:26,"2","Subject"
"135_2","135",2022-12-08 09:25:42,"2","Subject"
"137_2","137",2022-12-09 04:01:14,"2","Subject"
"138_2","138",2022-12-14 08:31:17,"2","Subject"
"141_2","141",2022-12-22 13:40:52,"2","Subject"
"142_2","142",2022-12-09 22:00:37.5,"2","Subject"
"149_2","149",2022-12-09 11:15:51,"2","Subject"
"150_2","150",2022-12-09 10:15:18.5,"2","Subject"
"151_2","151",2022-12-10 10:43:12,"2","Subject"
"152_2","152",2022-12-12 10:16:48,"2","Subject"
"153_2","153",2022-12-08 11:14:04,"2","Subject"
"157_2","157",2022-12-09 10:08:59,"2","Subject"
"161_2","161",2022-12-08 12:14:24.5,"2","Subject"
"162_2","162",2022-12-10 11:25:49.5,"2","Subject"
"163_2","163",2022-12-09 08:07:01,"2","Subject"
"164_2","164",2022-12-09 15:29:18.5,"2","Subject"
"165_2","165",2022-12-12 11:29:35,"2","Subject"
"168_2","168",2022-12-09 08:04:45,"2","Subject"
"171_2","171",2022-12-08 12:15:40,"2","Subject"
"172_2","172",2022-12-08 11:16:36.5,"2","Subject"
"176_2","176",2022-12-08 15:20:12.5,"2","Subject"
"182_2","182",2022-12-08 14:59:50.5,"2","Subject"
"183_2","183",2022-12-11 13:24:56,"2","Subject"
"186_2","186",2022-12-08 09:18:38,"2","Subject"
"191_2","191",2022-12-08 17:33:37,"2","Subject"
"197_2","197",2022-12-08 12:00:07.5,"2","Subject"
"201_2","201",2022-12-09 00:07:04,"2","Subject"
"203_2","203",2022-12-09 20:31:38.5,"2","Subject"
"205_2","205",2022-12-14 15:29:09.5,"2","Subject"
"209_2","209",2022-12-09 02:45:13,"2","Subject"
"211_2","211",2022-12-08 09:29:08,"2","Subject"
"213_2","213",2022-12-08 12:39:45.5,"2","Subject"
"214_2","214",2022-12-14 14:37:46,"2","Subject"
"215_2","215",2022-12-09 04:10:01,"2","Subject"
"216_2","216",2022-12-08 15:58:06.5,"2","Subject"
"217_2","217",2022-12-11 06:09:55.5,"2","Subject"
"220_2","220",2022-12-08 16:24:06,"2","Subject"
"223_2","223",2022-12-10 02:54:33.5,"2","Subject"
"224_2","224",2022-12-09 02:44:10.5,"2","Subject"
"226_2","226",2022-12-10 14:50:07,"2","Subject"
"227_2","227",2022-12-10 15:25:29.5,"2","Subject"
"228_2","228",2022-12-08 11:19:00.5,"2","Subject"
"233_2","233",2022-12-08 13:59:16.5,"2","Subject"
"234_2","234",2023-01-13 14:27:39.5,"2","Subject"
"235_2","235",2022-12-09 09:43:21.5,"2","Subject"
"236_2","236",2022-12-12 21:44:50,"2","Subject"
"245_2","245",2022-12-08 10:36:12,"2","Subject"
"251_2","251",2022-12-09 12:53:00.5,"2","Subject"
"252_2","252",2022-12-10 08:29:04.5,"2","Subject"
"254_2","254",2022-12-09 07:15:56,"2","Subject"
"257_2","257",2022-12-09 16:59:25.5,"2","Subject"
"263_2","263",2022-12-09 10:25:47,"2","Subject"
"264_2","264",2022-12-09 09:31:48.5,"2","Subject"
"266_2","266",2022-12-09 00:08:32.5,"2","Subject"
"267_2","267",2022-12-08 20:35:50.5,"2","Subject"
"268_2","268",2022-12-09 07:35:38.5,"2","Subject"
"272_2","272",2022-12-10 09:45:10.5,"2","Subject"
"275_2","275",2022-12-11 17:33:10.5,"2","Subject"
"277_2","277",2022-12-08 22:09:09.5,"2","Subject"
"285_2","285",2022-12-13 07:32:52.5,"2","Subject"
"288_2","288",2022-12-08 10:32:02.5,"2","Subject"
"289_2","289",2022-12-12 14:15:48,"2","Subject"
"291_2","291",2022-12-09 11:47:36,"2","Subject"
"293_2","293",2022-12-10 18:04:03.5,"2","Subject"
"295_2","295",2022-12-08 11:59:27,"2","Subject"
"298_2","298",2022-12-09 10:44:33,"2","Subject"
"302_2","302",2022-12-12 01:43:48,"2","Subject"
"310_2","310",2022-12-08 19:05:54.5,"2","Subject"
"317_2","317",2022-12-12 10:40:21,"2","Subject"
"321_2","321",2022-12-09 08:48:41.5,"2","Subject"
"326_2","326",2022-12-08 18:36:17.5,"2","Subject"
"328_2","328",2022-12-16 13:26:33.5,"2","Subject"
"329_2","329",2022-12-12 10:23:26,"2","Subject"
"335_2","335",2022-12-08 10:47:08,"2","Subject"
"339_2","339",2022-12-08 10:46:18.5,"2","Subject"
"343_2","343",2022-12-08 12:55:58.5,"2","Subject"
"346_2","346",2022-12-08 16:12:27,"2","Subject"
"350_2","350",2022-12-08 10:02:21,"2","Subject"
"351_2","351",2022-12-08 12:09:25,"2","Subject"
"352_2","352",2022-12-08 16:09:59,"2","Subject"
"353_2","353",2022-12-15 13:09:07,"2","Subject"
"354_2","354",2022-12-09 01:54:02,"2","Subject"
"358_2","358",2022-12-08 19:55:41.5,"2","Subject"
"361_2","361",2022-12-09 10:06:28.5,"2","Subject"
"363_2","363",2022-12-10 08:04:59,"2","Subject"
"364_2","364",2022-12-08 13:04:10,"2","Subject"
"366_2","366",2022-12-08 12:11:49.5,"2","Subject"
"369_2","369",2022-12-08 09:41:47.5,"2","Subject"
"370_2","370",2022-12-09 08:55:12.5,"2","Subject"
"373_2","373",2022-12-08 18:47:33,"2","Subject"
"379_2","379",2022-12-08 12:00:25.5,"2","Subject"
"381_2","381",2022-12-08 22:54:05,"2","Subject"
"383_2","383",2022-12-08 20:52:43.5,"2","Subject"
"384_2","384",2022-12-09 02:06:51,"2","Subject"
"385_2","385",2022-12-10 14:57:18,"2","Subject"
"386_2","386",2022-12-10 11:33:10,"2","Subject"
"396_2","396",2022-12-08 10:10:11.5,"2","Subject"
"403_2","403",2022-12-09 09:59:29.5,"2","Subject"
"407_2","407",2022-12-08 09:29:05,"2","Subject"
"409_2","409",2022-12-18 04:12:02.5,"2","Subject"
"414_2","414",2022-12-09 09:09:55.5,"2","Subject"
"416_2","416",2022-12-10 13:11:03,"2","Subject"
"422_2","422",2022-12-08 11:48:06.5,"2","Subject"
"425_2","425",2022-12-08 18:03:48.5,"2","Subject"
"426_2","426",2022-12-11 12:05:47,"2","Subject"
"429_2","429",2022-12-09 01:36:27.5,"2","Subject"
"431_2","431",2022-12-09 00:45:07.5,"2","Subject"
"433_2","433",2022-12-13 01:05:12.5,"2","Subject"
"434_2","434",2022-12-08 19:04:14.5,"2","Subject"
"437_2","437",2022-12-08 22:30:29.5,"2","Subject"
"439_2","439",2022-12-12 09:59:12.5,"2","Subject"
"454_2","454",2022-12-09 01:10:29,"2","Subject"
"461_2","461",2022-12-10 18:04:25,"2","Subject"
"462_2","462",2022-12-09 03:11:59.5,"2","Subject"
"466_2","466",2022-12-11 21:42:28,"2","Subject"
"474_2","474",2022-12-12 10:53:14,"2","Subject"
"476_2","476",2022-12-10 17:06:49,"2","Subject"
"479_2","479",2022-12-08 15:33:45.5,"2","Subject"
"480_2","480",2022-12-12 11:13:42.5,"2","Subject"
"488_2","488",2022-12-09 15:20:09,"2","Subject"
"494_2","494",2022-12-08 10:50:44,"2","Subject"
"499_2","499",2022-12-09 09:51:22.5,"2","Subject"
"501_2","501",2022-12-09 13:25:44.5,"2","Subject"
"505_2","505",2022-12-13 06:50:22.5,"2","Subject"
"509_2","509",2022-12-08 13:57:00,"2","Subject"
"510_2","510",2022-12-09 16:35:43,"2","Subject"
"511_2","511",2022-12-08 11:00:53,"2","Subject"
"512_2","512",2022-12-08 10:05:21.5,"2","Subject"
"513_2","513",2022-12-08 09:26:52,"2","Subject"
"521_2","521",2022-12-08 19:39:19,"2","Subject"
"524_2","524",2022-12-08 10:04:54,"2","Subject"
"529_2","529",2022-12-08 17:03:38,"2","Subject"
"535_2","535",2022-12-08 09:44:42.5,"2","Subject"
"536_2","536",2022-12-08 10:59:36,"2","Subject"
"537_2","537",2022-12-08 11:32:38.5,"2","Subject"
"538_2","538",2022-12-09 23:20:53.5,"2","Subject"
"540_2","540",2022-12-09 10:46:56.5,"2","Subject"
"543_2","543",2022-12-12 09:36:02.5,"2","Subject"
"547_2","547",2022-12-09 20:22:41,"2","Subject"
"550_2","550",2022-12-09 13:44:44,"2","Subject"
"551_2","551",2022-12-12 02:18:32.5,"2","Subject"
"554_2","554",2022-12-09 09:21:54,"2","Subject"
"559_2","559",2022-12-10 05:30:08,"2","Subject"
"566_2","566",2022-12-08 15:18:23.5,"2","Subject"
"568_2","568",2022-12-11 10:45:06,"2","Subject"
"569_2","569",2022-12-08 10:32:57,"2","Subject"
"572_2","572",2022-12-08 09:28:24,"2","Subject"
"576_2","576",2022-12-08 22:05:10.5,"2","Subject"
"581_2","581",2022-12-09 06:15:40.5,"2","Subject"
"582_2","582",2022-12-09 03:54:12,"2","Subject"
"585_2","585",2022-12-12 09:53:36,"2","Subject"
"587_2","587",2022-12-08 18:22:55,"2","Subject"
"588_2","588",2022-12-11 18:14:24.5,"2","Subject"
"591_2","591",2022-12-08 11:32:01.5,"2","Subject"
"593_2","593",2022-12-08 23:29:55.5,"2","Subject"
"595_2","595",2022-12-12 11:48:55.5,"2","Subject"
"596_2","596",2022-12-12 02:54:30.5,"2","Subject"
"597_2","597",2022-12-09 00:30:26,"2","Subject"
"603_2","603",2022-12-09 03:37:25,"2","Subject"
"619_2","619",2022-12-08 09:57:36.5,"2","Subject"
"630_2","630",2022-12-13 06:08:47,"2","Subject"
"641_2","641",2022-12-08 11:21:46.5,"2","Subject"
"647_2","647",2022-12-08 10:24:53,"2","Subject"
"658_2","658",2022-12-13 09:11:41,"2","Subject"
"660_2","660",2022-12-15 13:04:28,"2","Subject"
"663_2","663",2022-12-09 18:37:41.5,"2","Subject"
"670_2","670",2022-12-08 18:11:26,"2","Subject"
"674_2","674",2022-12-08 11:23:32,"2","Subject"
"676_2","676",2022-12-09 15:53:31,"2","Subject"
"678_2","678",2022-12-09 06:32:14.5,"2","Subject"
"679_2","679",2022-12-10 06:23:25.5,"2","Subject"
"681_2","681",2022-12-08 10:26:16.5,"2","Subject"
"688_2","688",2022-12-09 15:10:04.5,"2","Subject"
"692_2","692",2022-12-08 17:35:39.5,"2","Subject"
"693_2","693",2022-12-08 21:18:42,"2","Subject"
"707_2","707",2022-12-09 21:43:21.5,"2","Subject"
"711_2","711",2022-12-09 05:24:54.5,"2","Subject"
"713_2","713",2022-12-08 21:26:38.5,"2","Subject"
"738_2","738",2022-12-09 02:25:03,"2","Subject"
"749_2","749",2022-12-09 03:14:32,"2","Subject"
"753_2","753",2022-12-12 11:08:46.5,"2","Subject"
"760_2","760",2022-12-09 21:41:16,"2","Subject"
"789_2","789",2022-12-09 13:53:52,"2","Subject"
"791_2","791",2022-12-10 09:22:04,"2","Subject"
"799_2","799",2022-12-17 00:18:18.5,"2","Subject"
"806_2","806",2022-12-12 09:28:39,"2","Subject"
"807_2","807",2022-12-08 14:06:53.5,"2","Subject"
"812_2","812",2022-12-13 16:40:15.5,"2","Subject"
"813_2","813",2022-12-11 17:10:42,"2","Subject"
"816_2","816",2022-12-08 13:04:24,"2","Subject"
"824_2","824",2022-12-10 17:37:54.5,"2","Subject"
"828_2","828",2022-12-11 03:23:03.5,"2","Subject"
"834_2","834",2022-12-12 09:35:11,"2","Subject"
"838_2","838",2022-12-08 09:24:14,"2","Subject"
"839_2","839",2022-12-08 11:55:26,"2","Subject"
"840_2","840",2022-12-09 08:32:21.5,"2","Subject"
"851_2","851",2022-12-08 11:25:20.5,"2","Subject"
"854_2","854",2022-12-09 07:05:46.5,"2","Subject"
"856_2","856",2022-12-08 10:58:57.5,"2","Subject"
"861_2","861",2022-12-09 11:16:08,"2","Subject"
"875_2","875",2022-12-08 15:07:36.5,"2","Subject"
"879_2","879",2022-12-11 14:55:43,"2","Subject"
"882_2","882",2022-12-08 16:19:55.5,"2","Subject"
"889_2","889",2022-12-09 10:46:25,"2","Subject"
"891_2","891",2022-12-08 13:03:21,"2","Subject"
"897_2","897",2022-12-09 07:06:24,"2","Subject"
"900_2","900",2022-12-08 18:32:02,"2","Subject"
"901_2","901",2022-12-10 12:32:23,"2","Subject"
"912_2","912",2022-12-10 11:35:25.5,"2","Subject"
"913_2","913",2022-12-09 06:49:49.5,"2","Subject"
"918_2","918",2022-12-09 23:30:49.5,"2","Subject"
"919_2","919",2022-12-08 12:21:10.5,"2","Subject"
"931_2","931",2022-12-10 09:05:13,"2","Subject"
"938_2","938",2022-12-08 09:21:05.5,"2","Subject"
"942_2","942",2022-12-08 11:46:48,"2","Subject"
"943_2","943",2022-12-09 23:13:00.5,"2","Subject"
"948_2","948",2022-12-08 12:42:50.5,"2","Subject"
"950_2","950",2022-12-11 11:15:41.5,"2","Subject"
"957_2","957",2022-12-09 12:32:00.5,"2","Subject"
"962_2","962",2022-12-09 16:30:07,"2","Subject"
"963_2","963",2022-12-13 02:08:11.5,"2","Subject"
"969_2","969",2022-12-09 04:45:22,"2","Subject"
"972_2","972",2022-12-09 21:30:48.5,"2","Subject"
"976_2","976",2022-12-14 15:10:26.5,"2","Subject"
"979_2","979",2022-12-08 10:05:08,"2","Subject"
"985_2","985",2022-12-08 10:07:02,"2","Subject"
"989_2","989",2022-12-09 09:28:36,"2","Subject"
"990_2","990",2022-12-09 20:15:10,"2","Subject"
"1002_2","1002",2022-12-08 18:55:32,"2","Subject"
"1004_2","1004",2022-12-08 21:20:06.5,"2","Subject"
"1011_2","1011",2022-12-10 01:48:53.5,"2","Subject"
"1018_2","1018",2022-12-09 02:48:54,"2","Subject"
"1024_2","1024",2022-12-08 18:22:30.5,"2","Subject"
"1025_2","1025",2022-12-11 16:01:57,"2","Subject"
"1026_2","1026",2022-12-09 14:37:02.5,"2","Subject"
"1027_2","1027",2022-12-09 04:23:26.5,"2","Subject"
"1030_2","1030",2022-12-08 15:54:57.5,"2","Subject"
"1031_2","1031",2022-12-13 10:16:11.5,"2","Subject"
"1035_2","1035",2022-12-12 10:51:40,"2","Subject"
"1041_2","1041",2022-12-08 21:47:42,"2","Subject"
"1042_2","1042",2022-12-09 15:24:13.5,"2","Subject"
"1043_2","1043",2022-12-08 11:36:22.5,"2","Subject"
"1046_2","1046",2022-12-09 11:49:00,"2","Subject"
"1050_2","1050",2022-12-08 10:46:15.5,"2","Subject"
"1052_2","1052",2022-12-08 12:46:12.5,"2","Subject"
"1056_2","1056",2022-12-08 14:49:46,"2","Subject"
"1060_2","1060",2022-12-12 17:10:00.5,"2","Subject"
"1067_2","1067",2022-12-08 16:08:33.5,"2","Subject"
"1073_2","1073",2022-12-09 08:15:20,"2","Subject"
"1076_2","1076",2022-12-08 09:21:32.5,"2","Subject"
"1080_2","1080",2022-12-13 09:52:22,"2","Subject"
"1081_2","1081",2022-12-09 15:00:30.5,"2","Subject"
"1084_2","1084",2022-12-08 13:28:08,"2","Subject"
"1088_2","1088",2022-12-11 16:31:41.5,"2","Subject"
"1089_2","1089",2022-12-09 23:58:51,"2","Subject"
"1090_2","1090",2022-12-08 21:43:11.5,"2","Subject"
"1091_2","1091",2022-12-10 21:57:44,"2","Subject"
"1094_2","1094",2022-12-10 02:59:00,"2","Subject"
"1098_2","1098",2022-12-09 09:48:51,"2","Subject"
"1099_2","1099",2022-12-09 11:41:45.5,"2","Subject"
"1105_2","1105",2022-12-08 09:29:08.5,"2","Subject"
"1106_2","1106",2022-12-11 06:16:02,"2","Subject"
"1114_2","1114",2022-12-13 09:29:28.5,"2","Subject"
"1120_2","1120",2022-12-12 04:44:13.5,"2","Subject"
"1124_2","1124",2022-12-08 13:55:11,"2","Subject"
"1126_2","1126",2022-12-08 11:13:34.5,"2","Subject"
"1127_2","1127",2022-12-12 17:08:31.5,"2","Subject"
"1130_2","1130",2022-12-10 08:38:21,"2","Subject"
"1137_2","1137",2022-12-09 08:51:29.5,"2","Subject"
"1138_2","1138",2022-12-08 19:11:07,"2","Subject"
"1139_2","1139",2022-12-08 09:54:13,"2","Subject"
"1147_2","1147",2022-12-10 06:22:16,"2","Subject"
"1148_2","1148",2022-12-08 19:56:19,"2","Subject"
"1156_2","1156",2022-12-09 10:39:10,"2","Subject"
"1164_2","1164",2022-12-13 04:20:45.5,"2","Subject"
"1173_2","1173",2022-12-19 19:00:53.5,"2","Subject"
"1176_2","1176",2022-12-08 09:44:57.5,"2","Subject"
"1183_2","1183",2022-12-12 21:48:46,"2","Subject"
"1186_2","1186",2022-12-09 05:55:40.5,"2","Subject"
"1204_2","1204",2022-12-09 00:07:25,"2","Subject"
"1211_2","1211",2022-12-08 10:13:00.5,"2","Subject"
"1213_2","1213",2022-12-09 11:20:15.5,"2","Subject"
"1227_2","1227",2022-12-12 11:33:51,"2","Subject"
"1231_2","1231",2022-12-08 10:29:06.5,"2","Subject"
"1232_2","1232",2022-12-08 18:49:56,"2","Subject"
"1233_2","1233",2022-12-08 14:21:24,"2","Subject"
"1235_2","1235",2022-12-08 12:16:20,"2","Subject"
"1249_2","1249",2022-12-08 10:17:06,"2","Subject"
"1253_2","1253",2022-12-08 10:08:02,"2","Subject"
"1255_2","1255",2022-12-11 23:50:53.5,"2","Subject"
"1258_2","1258",2022-12-08 09:57:17.5,"2","Subject"
"1262_2","1262",2022-12-08 20:05:31,"2","Subject"
"1265_2","1265",2022-12-09 15:35:28,"2","Subject"
"1271_2","1271",2022-12-13 06:06:26.5,"2","Subject"
"1276_2","1276",2022-12-08 09:36:43.5,"2","Subject"
"1278_2","1278",2022-12-11 10:24:06.5,"2","Subject"
"1284_2","1284",2022-12-16 16:34:04.5,"2","Subject"
"1285_2","1285",2022-12-08 10:22:09,"2","Subject"
"1287_2","1287",2022-12-09 10:47:25.5,"2","Subject"
"1288_2","1288",2022-12-08 11:14:56,"2","Subject"
"1296_2","1296",2022-12-09 09:25:54,"2","Subject"
"1316_2","1316",2022-12-12 14:12:03.5,"2","Subject"
"1320_2","1320",2022-12-08 11:46:28,"2","Subject"
"1328_2","1328",2022-12-11 00:49:33,"2","Subject"
"1332_2","1332",2022-12-12 05:24:51,"2","Subject"
"1340_2","1340",2022-12-09 00:09:20,"2","Subject"
"1349_2","1349",2022-12-08 09:33:30,"2","Subject"
"1355_2","1355",2022-12-09 12:23:49.5,"2","Subject"
"1361_2","1361",2022-12-09 14:15:17.5,"2","Subject"
"1372_2","1372",2022-12-12 10:55:04.5,"2","Subject"
"1381_2","1381",2022-12-08 10:03:26,"2","Subject"
"1384_2","1384",2022-12-08 14:01:17.5,"2","Subject"
"1401_2","1401",2022-12-12 09:28:43,"2","Subject"
"1405_2","1405",2022-12-09 12:42:37,"2","Subject"
"1409_2","1409",2022-12-16 11:32:35,"2","Subject"
"1417_2","1417",2022-12-17 23:31:21,"2","Subject"
"1424_2","1424",2022-12-09 06:22:44.5,"2","Subject"
"1431_2","1431",2022-12-12 13:40:46.5,"2","Subject"
"1434_2","1434",2022-12-11 19:45:14,"2","Subject"
"1439_2","1439",2022-12-09 20:32:06.5,"2","Subject"
"1459_2","1459",2022-12-08 15:19:43,"2","Subject"
"1460_2","1460",2022-12-08 15:24:51.5,"2","Subject"
"1464_2","1464",2022-12-08 11:06:57.5,"2","Subject"
"1467_2","1467",2022-12-08 10:50:57.5,"2","Subject"
"1469_2","1469",2022-12-09 22:15:35.5,"2","Subject"
"1471_2","1471",2022-12-08 21:00:59.5,"2","Subject"
"1481_2","1481",2022-12-08 10:31:03.5,"2","Subject"
"1501_2","1501",2022-12-12 15:05:03,"2","Subject"
"1505_2","1505",2022-12-08 09:58:08,"2","Subject"
"1507_2","1507",2022-12-08 09:31:33.5,"2","Subject"
"1513_2","1513",2022-12-11 12:31:36,"2","Subject"
"1524_2","1524",2022-12-12 14:28:29,"2","Subject"
"1533_2","1533",2022-12-09 14:15:33.5,"2","Subject"
"1534_2","1534",2022-12-08 15:32:21,"2","Subject"
"1539_2","1539",2022-12-12 04:54:51,"2","Subject"
"1543_2","1543",2022-12-08 11:53:00.5,"2","Subject"
"1545_2","1545",2022-12-08 15:53:20.5,"2","Subject"
"1549_2","1549",2022-12-11 18:25:38.5,"2","Subject"
"1551_2","1551",2022-12-09 01:54:21,"2","Subject"
"1658_2","1658",2022-12-12 17:25:50.5,"2","Subject"
"1665_2","1665",2022-12-08 10:17:45,"2","Subject"
"1673_2","1673",2022-12-18 19:47:26,"2","Subject"
"1677_2","1677",2022-12-09 11:41:59.5,"2","Subject"
"1680_2","1680",2022-12-09 10:37:34.5,"2","Subject"
"7_3","7",2023-01-12 10:18:35.5,"3","Subject"
"15_3","15",2023-01-13 09:28:24.5,"3","Subject"
"19_3","19",2023-01-15 15:42:19.5,"3","Subject"
"20_3","20",2023-01-12 10:47:09,"3","Subject"
"24_3","24",2023-01-13 17:09:02.5,"3","Subject"
"25_3","25",2023-01-16 21:53:50,"3","Subject"
"29_3","29",2023-01-12 23:13:07,"3","Subject"
"34_3","34",2023-01-13 15:05:03.5,"3","Subject"
"35_3","35",2023-01-12 18:33:55,"3","Subject"
"39_3","39",2023-01-12 14:50:40.5,"3","Subject"
"40_3","40",2023-01-13 11:11:30.5,"3","Subject"
"41_3","41",2023-01-13 17:09:07,"3","Subject"
"43_3","43",2023-01-12 16:17:38,"3","Subject"
"46_3","46",2023-01-14 15:57:18.5,"3","Subject"
"47_3","47",2023-01-12 22:38:31,"3","Subject"
"48_3","48",2023-01-14 00:14:59.5,"3","Subject"
"49_3","49",2023-01-12 10:28:44.5,"3","Subject"
"50_3","50",2023-01-12 11:12:52,"3","Subject"
"51_3","51",2023-01-12 11:49:33,"3","Subject"
"65_3","65",2023-01-18 12:37:11,"3","Subject"
"66_3","66",2023-01-15 13:24:39,"3","Subject"
"68_3","68",2023-01-16 11:33:04,"3","Subject"
"69_3","69",2023-01-12 10:20:56.5,"3","Subject"
"78_3","78",2023-01-18 12:52:51,"3","Subject"
"79_3","79",2023-01-15 09:44:01,"3","Subject"
"81_3","81",2023-01-15 10:49:19.5,"3","Subject"
"88_3","88",2023-01-12 17:14:53,"3","Subject"
"89_3","89",2023-01-14 16:48:46.5,"3","Subject"
"91_3","91",2023-01-13 12:47:48.5,"3","Subject"
"97_3","97",2023-01-12 21:35:41.5,"3","Subject"
"101_3","101",2023-01-15 04:12:44.5,"3","Subject"
"103_3","103",2023-01-17 20:17:14,"3","Subject"
"110_3","110",2023-01-15 07:22:26,"3","Subject"
"113_3","113",2023-01-13 14:22:11.5,"3","Subject"
"114_3","114",2023-01-12 17:52:04,"3","Subject"
"116_3","116",2023-01-12 12:36:18.5,"3","Subject"
"121_3","121",2023-01-12 10:18:14,"3","Subject"
"125_3","125",2023-01-14 16:36:47,"3","Subject"
"127_3","127",2023-01-13 11:00:43,"3","Subject"
"129_3","129",2023-01-14 03:50:09.5,"3","Subject"
"134_3","134",2023-01-18 12:58:33,"3","Subject"
"135_3","135",2023-01-19 20:12:46,"3","Subject"
"137_3","137",2023-01-18 22:23:43.5,"3","Subject"
"142_3","142",2023-01-13 11:27:31.5,"3","Subject"
"149_3","149",2023-01-12 16:57:33,"3","Subject"
"150_3","150",2023-01-14 09:18:55.5,"3","Subject"
"151_3","151",2023-01-15 13:07:20,"3","Subject"
"152_3","152",2023-01-18 15:17:22,"3","Subject"
"153_3","153",2023-01-17 07:13:54,"3","Subject"
"157_3","157",2023-01-14 10:30:24,"3","Subject"
"161_3","161",2023-01-13 12:04:09.5,"3","Subject"
"162_3","162",2023-01-12 11:02:39.5,"3","Subject"
"163_3","163",2023-01-12 13:37:33.5,"3","Subject"
"164_3","164",2023-01-14 09:01:22.5,"3","Subject"
"165_3","165",2023-01-18 14:06:20.5,"3","Subject"
"168_3","168",2023-01-16 10:04:00.5,"3","Subject"
"171_3","171",2023-01-14 18:14:40.5,"3","Subject"
"172_3","172",2023-01-12 10:49:38.5,"3","Subject"
"176_3","176",2023-01-13 23:08:47,"3","Subject"
"182_3","182",2023-01-14 17:37:34,"3","Subject"
"183_3","183",2023-01-12 17:18:27.5,"3","Subject"
"186_3","186",2023-01-13 09:21:10,"3","Subject"
"191_3","191",2023-01-14 03:58:14.5,"3","Subject"
"197_3","197",2023-01-13 16:51:27,"3","Subject"
"201_3","201",2023-01-13 07:46:22.5,"3","Subject"
"203_3","203",2023-01-15 02:07:28,"3","Subject"
"205_3","205",2023-01-12 18:28:58,"3","Subject"
"209_3","209",2023-01-12 13:27:55.5,"3","Subject"
"211_3","211",2023-01-13 04:24:09,"3","Subject"
"213_3","213",2023-01-13 13:58:15.5,"3","Subject"
"214_3","214",2023-01-18 13:21:43,"3","Subject"
"215_3","215",2023-01-13 15:59:06,"3","Subject"
"216_3","216",2023-01-14 07:08:08,"3","Subject"
"217_3","217",2023-01-13 08:56:51,"3","Subject"
"220_3","220",2023-01-15 02:13:50.5,"3","Subject"
"223_3","223",2023-01-15 03:06:14.5,"3","Subject"
"224_3","224",2023-01-13 15:28:30,"3","Subject"
"226_3","226",2023-01-15 22:15:26,"3","Subject"
"227_3","227",2023-01-17 10:55:02,"3","Subject"
"228_3","228",2023-01-12 11:46:56,"3","Subject"
"233_3","233",2023-01-16 14:46:57,"3","Subject"
"234_3","234",2023-01-13 15:00:09,"3","Subject"
"235_3","235",2023-01-15 20:02:50,"3","Subject"
"236_3","236",2023-01-16 20:52:00,"3","Subject"
"245_3","245",2023-01-14 07:36:06,"3","Subject"
"251_3","251",2023-01-14 12:39:11.5,"3","Subject"
"252_3","252",2023-01-12 12:45:25,"3","Subject"
"257_3","257",2023-01-13 12:57:00.5,"3","Subject"
"263_3","263",2023-01-16 13:42:20,"3","Subject"
"264_3","264",2023-01-14 12:12:52,"3","Subject"
"266_3","266",2023-01-17 09:57:09,"3","Subject"
"267_3","267",2023-01-12 10:35:24.5,"3","Subject"
"268_3","268",2023-01-13 10:38:24.5,"3","Subject"
"272_3","272",2023-01-15 09:10:06.5,"3","Subject"
"275_3","275",2023-01-15 03:25:52.5,"3","Subject"
"277_3","277",2023-01-12 16:15:12.5,"3","Subject"
"288_3","288",2023-01-13 02:43:18,"3","Subject"
"289_3","289",2023-01-16 07:33:11,"3","Subject"
"291_3","291",2023-01-13 11:16:58.5,"3","Subject"
"293_3","293",2023-01-15 08:19:17,"3","Subject"
"295_3","295",2023-01-14 00:20:40,"3","Subject"
"298_3","298",2023-01-13 00:55:07.5,"3","Subject"
"302_3","302",2023-01-15 01:04:01,"3","Subject"
"310_3","310",2023-01-13 11:31:44,"3","Subject"
"317_3","317",2023-01-15 17:56:44.5,"3","Subject"
"321_3","321",2023-01-14 14:14:54,"3","Subject"
"326_3","326",2023-01-14 20:05:04.5,"3","Subject"
"329_3","329",2023-01-13 14:39:31,"3","Subject"
"335_3","335",2023-01-18 19:56:55,"3","Subject"
"339_3","339",2023-01-12 16:11:15,"3","Subject"
"343_3","343",2023-01-13 11:25:34.5,"3","Subject"
"346_3","346",2023-01-17 14:47:40.5,"3","Subject"
"350_3","350",2023-01-12 10:43:10.5,"3","Subject"
"351_3","351",2023-01-13 08:00:22.5,"3","Subject"
"352_3","352",2023-01-15 09:29:14.5,"3","Subject"
"353_3","353",2023-01-13 17:54:42,"3","Subject"
"354_3","354",2023-01-22 20:51:44.5,"3","Subject"
"358_3","358",2023-01-12 17:04:58,"3","Subject"
"361_3","361",2023-01-14 16:52:18,"3","Subject"
"364_3","364",2023-01-12 13:05:02.5,"3","Subject"
"366_3","366",2023-01-13 05:17:29,"3","Subject"
"369_3","369",2023-01-13 12:53:06.5,"3","Subject"
"370_3","370",2023-01-16 14:23:13,"3","Subject"
"373_3","373",2023-01-12 12:31:15,"3","Subject"
"379_3","379",2023-01-20 19:14:04.5,"3","Subject"
"381_3","381",2023-01-13 16:49:05,"3","Subject"
"383_3","383",2023-01-13 18:17:38.5,"3","Subject"
"384_3","384",2023-01-17 08:25:10,"3","Subject"
"385_3","385",2023-01-12 17:12:18,"3","Subject"
"386_3","386",2023-01-15 18:07:24.5,"3","Subject"
"396_3","396",2023-01-19 15:41:14,"3","Subject"
"399_3","399",2023-01-21 12:10:30,"3","Subject"
"403_3","403",2023-01-14 14:10:51,"3","Subject"
"407_3","407",2023-01-12 23:40:19.5,"3","Subject"
"409_3","409",2023-01-24 15:47:17,"3","Subject"
"414_3","414",2023-01-14 09:00:42,"3","Subject"
"416_3","416",2023-01-20 13:30:32.5,"3","Subject"
"422_3","422",2023-01-13 13:09:42,"3","Subject"
"425_3","425",2023-01-15 23:27:11.5,"3","Subject"
"429_3","429",2023-01-17 07:39:16.5,"3","Subject"
"431_3","431",2023-01-14 11:13:25.5,"3","Subject"
"433_3","433",2023-01-19 13:00:41,"3","Subject"
"434_3","434",2023-01-14 21:46:25.5,"3","Subject"
"437_3","437",2023-01-13 12:01:54,"3","Subject"
"439_3","439",2023-01-12 17:01:16.5,"3","Subject"
"454_3","454",2023-01-14 15:25:02,"3","Subject"
"462_3","462",2023-01-14 07:30:20.5,"3","Subject"
"466_3","466",2023-01-16 20:38:00.5,"3","Subject"
"474_3","474",2023-01-16 16:03:43,"3","Subject"
"476_3","476",2023-01-14 07:48:42.5,"3","Subject"
"479_3","479",2023-01-14 19:07:01.5,"3","Subject"
"480_3","480",2023-01-19 02:09:44,"3","Subject"
"488_3","488",2023-01-18 13:27:20,"3","Subject"
"494_3","494",2023-01-12 14:48:43.5,"3","Subject"
"499_3","499",2023-01-13 09:20:10.5,"3","Subject"
"501_3","501",2023-01-12 10:40:35,"3","Subject"
"505_3","505",2023-01-20 20:54:37.5,"3","Subject"
"509_3","509",2023-01-13 10:56:45,"3","Subject"
"511_3","511",2023-01-12 14:00:13,"3","Subject"
"512_3","512",2023-01-14 13:12:36.5,"3","Subject"
"513_3","513",2023-01-13 07:43:09.5,"3","Subject"
"521_3","521",2023-01-15 15:39:09.5,"3","Subject"
"524_3","524",2023-01-12 10:41:04,"3","Subject"
"529_3","529",2023-01-14 03:46:41,"3","Subject"
"535_3","535",2023-01-13 09:23:32.5,"3","Subject"
"536_3","536",2023-01-12 12:48:28.5,"3","Subject"
"537_3","537",2023-01-12 14:38:02,"3","Subject"
"538_3","538",2023-01-17 09:00:41,"3","Subject"
"540_3","540",2023-01-12 18:31:29.5,"3","Subject"
"543_3","543",2023-01-13 16:07:56,"3","Subject"
"547_3","547",2023-01-12 09:14:05.5,"3","Subject"
"551_3","551",2023-01-13 12:58:20,"3","Subject"
"554_3","554",2023-01-12 22:54:47.5,"3","Subject"
"559_3","559",2023-01-18 14:56:48,"3","Subject"
"566_3","566",2023-01-13 19:59:37.5,"3","Subject"
"568_3","568",2023-01-20 20:47:22.5,"3","Subject"
"569_3","569",2023-01-13 16:40:55.5,"3","Subject"
"572_3","572",2023-01-16 09:13:42.5,"3","Subject"
"576_3","576",2023-01-15 11:56:10,"3","Subject"
"581_3","581",2023-01-19 13:53:18.5,"3","Subject"
"582_3","582",2023-01-13 18:46:57,"3","Subject"
"585_3","585",2023-01-16 06:13:14,"3","Subject"
"587_3","587",2023-01-12 16:36:48,"3","Subject"
"588_3","588",2023-01-15 16:57:30.5,"3","Subject"
"591_3","591",2023-01-13 17:47:17,"3","Subject"
"593_3","593",2023-01-13 01:18:40.5,"3","Subject"
"595_3","595",2023-01-14 10:49:01,"3","Subject"
"596_3","596",2023-01-19 02:10:38,"3","Subject"
"597_3","597",2023-01-13 15:39:10,"3","Subject"
"619_3","619",2023-01-12 12:33:11,"3","Subject"
"630_3","630",2023-01-18 14:50:39,"3","Subject"
"641_3","641",2023-01-13 02:12:31.5,"3","Subject"
"647_3","647",2023-01-15 02:37:58.5,"3","Subject"
"658_3","658",2023-01-17 12:33:23,"3","Subject"
"660_3","660",2023-01-14 09:31:18.5,"3","Subject"
"663_3","663",2023-01-17 16:58:48,"3","Subject"
"670_3","670",2023-01-14 09:32:23.5,"3","Subject"
"676_3","676",2023-01-20 15:30:53,"3","Subject"
"678_3","678",2023-01-13 12:23:35,"3","Subject"
"679_3","679",2023-01-13 04:02:23,"3","Subject"
"681_3","681",2023-01-19 16:22:28.5,"3","Subject"
"688_3","688",2023-01-16 19:20:55.5,"3","Subject"
"692_3","692",2023-01-14 13:59:02.5,"3","Subject"
"693_3","693",2023-01-12 17:13:04.5,"3","Subject"
"707_3","707",2023-01-14 19:24:20.5,"3","Subject"
"738_3","738",2023-01-12 17:12:31,"3","Subject"
"749_3","749",2023-01-13 16:45:22,"3","Subject"
"753_3","753",2023-01-18 12:49:02,"3","Subject"
"760_3","760",2023-01-13 04:15:17.5,"3","Subject"
"789_3","789",2023-01-14 11:48:20.5,"3","Subject"
"791_3","791",2023-01-13 20:39:17.5,"3","Subject"
"799_3","799",2023-01-19 18:44:52,"3","Subject"
"806_3","806",2023-01-15 06:41:33.5,"3","Subject"
"807_3","807",2023-01-13 12:02:37,"3","Subject"
"812_3","812",2023-01-13 13:39:19,"3","Subject"
"813_3","813",2023-01-14 19:32:34,"3","Subject"
"816_3","816",2023-01-18 04:13:02.5,"3","Subject"
"824_3","824",2023-01-14 07:34:30,"3","Subject"
"828_3","828",2023-01-18 19:35:31,"3","Subject"
"834_3","834",2023-01-13 13:04:47.5,"3","Subject"
"838_3","838",2023-01-12 11:07:36.5,"3","Subject"
"839_3","839",2023-01-13 05:32:23,"3","Subject"
"840_3","840",2023-01-13 17:45:46.5,"3","Subject"
"851_3","851",2023-01-13 14:34:07.5,"3","Subject"
"854_3","854",2023-01-12 17:50:21,"3","Subject"
"856_3","856",2023-01-12 10:49:22,"3","Subject"
"861_3","861",2023-01-13 14:37:00.5,"3","Subject"
"875_3","875",2023-01-16 01:58:33,"3","Subject"
"879_3","879",2023-01-12 14:00:45.5,"3","Subject"
"882_3","882",2023-01-13 21:14:13,"3","Subject"
"889_3","889",2023-01-14 14:39:55,"3","Subject"
"891_3","891",2023-01-17 11:14:27,"3","Subject"
"900_3","900",2023-01-13 16:33:12.5,"3","Subject"
"901_3","901",2023-01-12 10:36:54,"3","Subject"
"912_3","912",2023-01-19 04:31:50,"3","Subject"
"913_3","913",2023-01-12 13:13:42,"3","Subject"
"918_3","918",2023-01-12 13:07:47,"3","Subject"
"919_3","919",2023-01-14 09:35:34.5,"3","Subject"
"923_3","923",2023-01-13 11:32:47,"3","Subject"
"931_3","931",2023-01-15 10:58:04.5,"3","Subject"
"938_3","938",2023-01-15 17:25:20.5,"3","Subject"
"943_3","943",2023-01-13 19:24:39,"3","Subject"
"948_3","948",2023-01-12 18:32:36,"3","Subject"
"950_3","950",2023-01-17 12:21:32.5,"3","Subject"
"957_3","957",2023-01-13 09:34:21.5,"3","Subject"
"962_3","962",2023-01-12 20:21:54,"3","Subject"
"963_3","963",2023-01-20 08:46:43,"3","Subject"
"969_3","969",2023-01-15 20:47:46.5,"3","Subject"
"972_3","972",2023-01-14 09:48:16,"3","Subject"
"976_3","976",2023-01-17 07:40:18.5,"3","Subject"
"979_3","979",2023-01-12 10:44:54.5,"3","Subject"
"985_3","985",2023-01-12 11:13:27,"3","Subject"
"989_3","989",2023-01-13 14:06:15.5,"3","Subject"
"990_3","990",2023-01-13 17:03:27,"3","Subject"
"1002_3","1002",2023-01-13 08:12:21,"3","Subject"
"1004_3","1004",2023-01-12 21:26:44,"3","Subject"
"1011_3","1011",2023-01-19 23:49:27,"3","Subject"
"1018_3","1018",2023-01-13 19:18:55.5,"3","Subject"
"1024_3","1024",2023-01-15 09:44:54.5,"3","Subject"
"1025_3","1025",2023-01-21 01:28:35,"3","Subject"
"1026_3","1026",2023-01-12 11:45:02,"3","Subject"
"1027_3","1027",2023-01-22 08:03:57.5,"3","Subject"
"1030_3","1030",2023-01-12 10:32:33.5,"3","Subject"
"1035_3","1035",2023-01-19 17:24:12,"3","Subject"
"1041_3","1041",2023-01-16 08:57:46.5,"3","Subject"
"1042_3","1042",2023-01-13 09:23:13,"3","Subject"
"1043_3","1043",2023-01-14 00:10:30.5,"3","Subject"
"1046_3","1046",2023-01-13 23:04:38,"3","Subject"
"1050_3","1050",2023-01-12 11:26:40.5,"3","Subject"
"1052_3","1052",2023-01-13 09:53:08.5,"3","Subject"
"1056_3","1056",2023-01-15 07:47:11,"3","Subject"
"1060_3","1060",2023-01-20 13:49:22,"3","Subject"
"1067_3","1067",2023-01-12 12:12:54.5,"3","Subject"
"1073_3","1073",2023-01-14 11:51:49,"3","Subject"
"1076_3","1076",2023-01-16 07:43:38,"3","Subject"
"1080_3","1080",2023-01-18 14:45:02,"3","Subject"
"1081_3","1081",2023-01-12 19:55:12,"3","Subject"
"1084_3","1084",2023-01-13 10:27:32.5,"3","Subject"
"1088_3","1088",2023-01-17 01:10:40,"3","Subject"
"1089_3","1089",2023-01-13 10:00:16.5,"3","Subject"
"1090_3","1090",2023-01-14 03:14:15.5,"3","Subject"
"1091_3","1091",2023-01-20 13:29:27,"3","Subject"
"1094_3","1094",2023-01-13 17:09:22.5,"3","Subject"
"1098_3","1098",2023-01-15 04:25:42,"3","Subject"
"1099_3","1099",2023-01-13 00:47:50.5,"3","Subject"
"1105_3","1105",2023-01-12 21:40:58.5,"3","Subject"
"1106_3","1106",2023-01-13 01:04:59.5,"3","Subject"
"1114_3","1114",2023-01-12 10:52:09.5,"3","Subject"
"1120_3","1120",2023-01-15 04:59:45,"3","Subject"
"1124_3","1124",2023-01-12 14:08:03.5,"3","Subject"
"1126_3","1126",2023-01-18 06:55:55,"3","Subject"
"1127_3","1127",2023-01-18 16:46:38.5,"3","Subject"
"1130_3","1130",2023-01-19 15:48:13,"3","Subject"
"1137_3","1137",2023-01-18 16:37:07.5,"3","Subject"
"1138_3","1138",2023-01-13 20:07:14,"3","Subject"
"1139_3","1139",2023-01-13 11:39:17,"3","Subject"
"1147_3","1147",2023-01-15 07:31:03,"3","Subject"
"1148_3","1148",2023-01-17 21:16:17.5,"3","Subject"
"1156_3","1156",2023-01-13 14:05:51.5,"3","Subject"
"1164_3","1164",2023-01-13 05:18:25.5,"3","Subject"
"1173_3","1173",2023-01-20 08:14:24,"3","Subject"
"1176_3","1176",2023-01-14 00:30:29.5,"3","Subject"
"1183_3","1183",2023-01-13 10:01:11,"3","Subject"
"1186_3","1186",2023-01-16 07:11:25,"3","Subject"
"1204_3","1204",2023-01-18 13:53:42.5,"3","Subject"
"1211_3","1211",2023-01-12 17:43:17,"3","Subject"
"1213_3","1213",2023-01-12 11:16:57,"3","Subject"
"1227_3","1227",2023-01-18 14:39:38,"3","Subject"
"1231_3","1231",2023-01-12 15:05:51.5,"3","Subject"
"1232_3","1232",2023-01-13 09:12:13.5,"3","Subject"
"1233_3","1233",2023-01-14 11:20:19.5,"3","Subject"
"1235_3","1235",2023-01-20 15:33:46,"3","Subject"
"1249_3","1249",2023-01-14 15:22:58.5,"3","Subject"
"1253_3","1253",2023-01-13 07:04:38.5,"3","Subject"
"1258_3","1258",2023-01-13 12:25:52.5,"3","Subject"
"1262_3","1262",2023-01-13 21:53:19,"3","Subject"
"1265_3","1265",2023-01-13 11:56:57.5,"3","Subject"
"1271_3","1271",2023-01-20 18:17:35,"3","Subject"
"1276_3","1276",2023-01-18 12:49:30.5,"3","Subject"
"1278_3","1278",2023-01-14 15:29:01.5,"3","Subject"
"1284_3","1284",2023-01-15 20:56:26,"3","Subject"
"1285_3","1285",2023-01-13 20:12:39.5,"3","Subject"
"1287_3","1287",2023-01-13 19:18:47.5,"3","Subject"
"1288_3","1288",2023-01-13 16:38:24.5,"3","Subject"
"1296_3","1296",2023-01-12 10:20:24,"3","Subject"
"1316_3","1316",2023-01-20 12:43:21,"3","Subject"
"1320_3","1320",2023-01-14 04:06:01,"3","Subject"
"1328_3","1328",2023-01-20 12:56:39.5,"3","Subject"
"1332_3","1332",2023-01-22 11:55:08.5,"3","Subject"
"1340_3","1340",2023-01-14 23:39:36,"3","Subject"
"1349_3","1349",2023-01-14 09:13:30,"3","Subject"
"1355_3","1355",2023-01-20 16:29:53,"3","Subject"
"1361_3","1361",2023-01-14 08:57:35,"3","Subject"
"1372_3","1372",2023-01-14 00:54:15.5,"3","Subject"
"1381_3","1381",2023-01-13 16:57:13.5,"3","Subject"
"1384_3","1384",2023-01-12 11:59:27,"3","Subject"
"1401_3","1401",2023-01-18 15:17:48.5,"3","Subject"
"1405_3","1405",2023-01-17 20:50:16,"3","Subject"
"1409_3","1409",2023-01-18 13:07:19,"3","Subject"
"1417_3","1417",2023-01-16 02:29:32.5,"3","Subject"
"1424_3","1424",2023-01-13 15:56:47.5,"3","Subject"
"1431_3","1431",2023-01-13 01:36:48,"3","Subject"
"1434_3","1434",2023-01-16 04:24:12,"3","Subject"
"1439_3","1439",2023-01-19 17:03:44.5,"3","Subject"
"1459_3","1459",2023-01-13 11:42:44.5,"3","Subject"
"1460_3","1460",2023-01-16 08:21:27,"3","Subject"
"1464_3","1464",2023-01-14 09:14:07.5,"3","Subject"
"1467_3","1467",2023-01-12 10:19:14,"3","Subject"
"1469_3","1469",2023-01-17 15:02:46.5,"3","Subject"
"1471_3","1471",2023-01-13 19:05:56,"3","Subject"
"1481_3","1481",2023-01-12 11:44:26.5,"3","Subject"
"1501_3","1501",2023-01-20 14:05:34,"3","Subject"
"1505_3","1505",2023-01-12 21:58:44.5,"3","Subject"
"1507_3","1507",2023-01-12 17:23:38.5,"3","Subject"
"1513_3","1513",2023-01-20 04:08:49,"3","Subject"
"1524_3","1524",2023-01-13 12:12:46.5,"3","Subject"
"1533_3","1533",2023-01-15 09:24:58,"3","Subject"
"1534_3","1534",2023-01-14 05:34:33,"3","Subject"
"1539_3","1539",2023-01-16 00:31:19,"3","Subject"
"1543_3","1543",2023-01-12 21:02:13,"3","Subject"
"1545_3","1545",2023-01-19 10:05:21,"3","Subject"
"1549_3","1549",2023-01-15 18:20:39.5,"3","Subject"
"1551_3","1551",2023-01-13 11:40:50.5,"3","Subject"
"1658_3","1658",2023-01-18 20:22:16.5,"3","Subject"
"1665_3","1665",2023-01-14 05:13:50,"3","Subject"
"1673_3","1673",2023-01-14 10:02:07.5,"3","Subject"
"1677_3","1677",2023-01-12 23:06:40.5,"3","Subject"
"1680_3","1680",2023-01-14 09:51:51.5,"3","Subject"
"7_4","7",2023-03-09 09:39:40,"4","Subject"
"15_4","15",2023-03-11 13:47:55,"4","Subject"
"19_4","19",2023-03-10 11:34:50.5,"4","Subject"
"20_4","20",2023-03-09 10:31:44.5,"4","Subject"
"24_4","24",2023-03-14 12:26:18,"4","Subject"
"25_4","25",2023-03-14 00:08:43,"4","Subject"
"29_4","29",2023-03-22 10:29:08,"4","Subject"
"34_4","34",2023-03-19 18:44:52,"4","Subject"
"35_4","35",2023-03-09 10:33:37.5,"4","Subject"
"39_4","39",2023-03-19 11:34:13.5,"4","Subject"
"40_4","40",2023-03-09 10:49:40.5,"4","Subject"
"41_4","41",2023-03-18 12:34:39,"4","Subject"
"43_4","43",2023-03-09 13:20:05.5,"4","Subject"
"47_4","47",2023-03-10 09:56:38,"4","Subject"
"48_4","48",2023-03-22 03:10:13.5,"4","Subject"
"49_4","49",2023-03-09 09:40:00,"4","Subject"
"50_4","50",2023-03-09 09:27:55,"4","Subject"
"51_4","51",2023-03-09 20:45:27,"4","Subject"
"63_4","63",2023-03-13 18:18:46,"4","Subject"
"65_4","65",2023-04-12 10:13:26,"4","Subject"
"66_4","66",2023-03-09 11:40:07.5,"4","Subject"
"67_4","67",2023-03-18 16:10:53,"4","Subject"
"68_4","68",2023-03-13 12:37:58.5,"4","Subject"
"69_4","69",2023-03-11 11:03:59.5,"4","Subject"
"78_4","78",2023-03-14 22:29:18,"4","Subject"
"79_4","79",2023-03-21 16:01:28.5,"4","Subject"
"81_4","81",2023-03-13 19:39:39.5,"4","Subject"
"87_4","87",2023-03-11 16:58:09,"4","Subject"
"89_4","89",2023-03-19 21:26:17,"4","Subject"
"91_4","91",2023-03-09 11:34:03,"4","Subject"
"97_4","97",2023-03-11 08:45:44,"4","Subject"
"101_4","101",2023-03-13 11:56:33,"4","Subject"
"103_4","103",2023-03-25 04:51:35.5,"4","Subject"
"110_4","110",2023-03-13 20:04:15,"4","Subject"
"111_4","111",2023-03-14 02:29:34.5,"4","Subject"
"113_4","113",2023-03-20 20:12:39.5,"4","Subject"
"114_4","114",2023-03-15 07:23:20.5,"4","Subject"
"116_4","116",2023-03-09 11:26:34.5,"4","Subject"
"119_4","119",2023-03-14 15:03:00,"4","Subject"
"121_4","121",2023-03-09 21:23:43,"4","Subject"
"127_4","127",2023-03-13 05:25:39,"4","Subject"
"129_4","129",2023-03-12 17:03:49.5,"4","Subject"
"130_4","130",2023-03-14 16:04:37,"4","Subject"
"134_4","134",2023-03-17 11:58:18.5,"4","Subject"
"135_4","135",2023-03-11 02:25:20.5,"4","Subject"
"138_4","138",2023-03-09 12:38:37,"4","Subject"
"141_4","141",2023-03-20 06:50:05,"4","Subject"
"142_4","142",2023-03-09 14:03:22.5,"4","Subject"
"149_4","149",2023-03-10 11:40:26,"4","Subject"
"150_4","150",2023-03-14 00:35:39.5,"4","Subject"
"151_4","151",2023-03-14 21:48:54.5,"4","Subject"
"153_4","153",2023-03-15 12:40:15.5,"4","Subject"
"157_4","157",2023-03-09 10:15:24,"4","Subject"
"161_4","161",2023-03-09 15:34:20,"4","Subject"
"162_4","162",2023-03-10 01:32:47,"4","Subject"
"163_4","163",2023-03-09 21:30:40.5,"4","Subject"
"164_4","164",2023-03-11 06:53:06.5,"4","Subject"
"165_4","165",2023-03-15 13:17:18,"4","Subject"
"168_4","168",2023-03-14 12:23:33,"4","Subject"
"171_4","171",2023-03-11 04:22:57.5,"4","Subject"
"172_4","172",2023-03-09 12:17:28.5,"4","Subject"
"176_4","176",2023-03-13 09:39:55,"4","Subject"
"182_4","182",2023-03-19 03:15:46,"4","Subject"
"183_4","183",2023-03-14 16:00:05,"4","Subject"
"186_4","186",2023-03-09 21:19:15,"4","Subject"
"191_4","191",2023-03-11 06:46:09,"4","Subject"
"197_4","197",2023-03-13 12:15:37,"4","Subject"
"201_4","201",2023-03-09 10:08:51,"4","Subject"
"203_4","203",2023-03-14 10:17:47,"4","Subject"
"209_4","209",2023-03-15 12:30:57,"4","Subject"
"211_4","211",2023-03-10 17:20:37.5,"4","Subject"
"213_4","213",2023-03-16 08:28:37,"4","Subject"
"214_4","214",2023-03-17 02:37:00.5,"4","Subject"
"215_4","215",2023-03-11 17:02:13.5,"4","Subject"
"216_4","216",2023-03-13 13:21:11.5,"4","Subject"
"217_4","217",2023-03-13 09:38:18,"4","Subject"
"220_4","220",2023-03-13 12:15:21,"4","Subject"
"223_4","223",2023-03-11 05:25:55.5,"4","Subject"
"226_4","226",2023-03-14 12:21:16.5,"4","Subject"
"227_4","227",2023-03-17 01:15:47.5,"4","Subject"
"228_4","228",2023-03-09 10:02:46,"4","Subject"
"233_4","233",2023-03-10 15:01:01.5,"4","Subject"
"234_4","234",2023-06-05 03:20:07,"4","Subject"
"235_4","235",2023-03-10 06:36:50,"4","Subject"
"236_4","236",2023-03-27 16:39:30,"4","Subject"
"245_4","245",2023-03-15 14:05:38.5,"4","Subject"
"251_4","251",2023-03-11 10:41:53,"4","Subject"
"252_4","252",2023-03-09 15:25:45,"4","Subject"
"254_4","254",2023-03-15 13:44:46,"4","Subject"
"257_4","257",2023-03-11 21:47:11.5,"4","Subject"
"263_4","263",2023-03-30 14:26:18,"4","Subject"
"264_4","264",2023-03-15 09:58:40.5,"4","Subject"
"266_4","266",2023-03-13 06:28:19,"4","Subject"
"267_4","267",2023-03-09 11:53:38.5,"4","Subject"
"272_4","272",2023-03-16 20:53:40.5,"4","Subject"
"275_4","275",2023-03-17 10:57:18,"4","Subject"
"277_4","277",2023-03-10 09:36:34.5,"4","Subject"
"285_4","285",2023-03-15 23:40:09,"4","Subject"
"288_4","288",2023-03-15 22:05:06,"4","Subject"
"289_4","289",2023-03-15 13:13:59.5,"4","Subject"
"291_4","291",2023-03-11 20:28:19.5,"4","Subject"
"293_4","293",2023-03-12 09:45:45,"4","Subject"
"295_4","295",2023-03-15 08:57:38.5,"4","Subject"
"298_4","298",2023-03-10 04:13:57.5,"4","Subject"
"310_4","310",2023-03-09 10:22:41,"4","Subject"
"317_4","317",2023-03-16 15:03:54.5,"4","Subject"
"321_4","321",2023-03-12 13:38:34.5,"4","Subject"
"326_4","326",2023-03-12 08:10:01,"4","Subject"
"328_4","328",2023-03-15 12:25:11,"4","Subject"
"329_4","329",2023-03-17 10:31:33.5,"4","Subject"
"335_4","335",2023-03-15 09:27:29.5,"4","Subject"
"339_4","339",2023-03-11 02:01:21,"4","Subject"
"343_4","343",2023-03-09 11:12:11.5,"4","Subject"
"346_4","346",2023-03-15 11:53:37.5,"4","Subject"
"349_4","349",2023-03-17 08:31:39,"4","Subject"
"350_4","350",2023-03-09 17:26:23.5,"4","Subject"
"351_4","351",2023-03-09 15:25:27.5,"4","Subject"
"352_4","352",2023-03-09 14:25:23,"4","Subject"
"354_4","354",2023-03-10 13:57:17,"4","Subject"
"358_4","358",2023-03-09 17:14:20,"4","Subject"
"361_4","361",2023-03-24 21:37:49.5,"4","Subject"
"363_4","363",2023-03-11 09:32:02,"4","Subject"
"364_4","364",2023-03-09 11:00:50,"4","Subject"
"366_4","366",2023-03-13 21:11:05,"4","Subject"
"369_4","369",2023-03-11 20:05:31.5,"4","Subject"
"370_4","370",2023-03-14 00:45:27.5,"4","Subject"
"373_4","373",2023-03-11 12:39:44,"4","Subject"
"379_4","379",2023-03-14 16:40:57,"4","Subject"
"381_4","381",2023-03-23 17:40:00,"4","Subject"
"383_4","383",2023-03-12 21:44:06.5,"4","Subject"
"384_4","384",2023-03-16 04:36:47,"4","Subject"
"385_4","385",2023-03-10 12:38:25.5,"4","Subject"
"386_4","386",2023-03-19 16:16:59.5,"4","Subject"
"399_4","399",2023-03-15 11:15:13,"4","Subject"
"403_4","403",2023-03-12 11:19:56.5,"4","Subject"
"407_4","407",2023-03-13 00:09:24.5,"4","Subject"
"414_4","414",2023-03-10 07:45:53,"4","Subject"
"422_4","422",2023-03-09 21:43:14,"4","Subject"
"425_4","425",2023-03-12 12:16:08.5,"4","Subject"
"426_4","426",2023-03-21 15:45:11,"4","Subject"
"431_4","431",2023-03-13 21:04:39,"4","Subject"
"433_4","433",2023-03-14 19:59:29,"4","Subject"
"434_4","434",2023-03-10 11:48:21.5,"4","Subject"
"437_4","437",2023-03-10 06:42:38.5,"4","Subject"
"439_4","439",2023-03-09 14:27:01,"4","Subject"
"454_4","454",2023-03-11 21:35:48.5,"4","Subject"
"462_4","462",2023-03-13 07:39:02.5,"4","Subject"
"466_4","466",2023-03-21 21:38:50,"4","Subject"
"474_4","474",2023-03-09 11:58:14.5,"4","Subject"
"476_4","476",2023-03-14 09:27:21,"4","Subject"
"479_4","479",2023-03-13 20:04:13,"4","Subject"
"480_4","480",2023-03-16 15:23:26,"4","Subject"
"488_4","488",2023-03-13 08:49:01,"4","Subject"
"494_4","494",2023-03-13 11:46:03.5,"4","Subject"
"499_4","499",2023-03-10 11:08:48.5,"4","Subject"
"501_4","501",2023-03-13 10:11:36,"4","Subject"
"509_4","509",2023-03-19 18:04:01,"4","Subject"
"510_4","510",2023-03-22 04:01:15.5,"4","Subject"
"511_4","511",2023-03-09 09:42:53,"4","Subject"
"512_4","512",2023-03-16 13:49:09,"4","Subject"
"513_4","513",2023-03-11 21:53:55.5,"4","Subject"
"521_4","521",2023-03-11 12:48:10.5,"4","Subject"
"524_4","524",2023-03-09 12:06:42,"4","Subject"
"529_4","529",2023-03-11 13:44:38.5,"4","Subject"
"535_4","535",2023-03-09 14:55:47.5,"4","Subject"
"536_4","536",2023-03-10 08:33:00.5,"4","Subject"
"537_4","537",2023-03-09 09:46:56,"4","Subject"
"540_4","540",2023-03-09 21:47:59.5,"4","Subject"
"543_4","543",2023-03-16 13:37:46,"4","Subject"
"547_4","547",2023-03-11 09:55:48.5,"4","Subject"
"551_4","551",2023-03-14 12:30:46,"4","Subject"
"554_4","554",2023-03-10 00:32:55,"4","Subject"
"559_4","559",2023-03-22 14:34:29.5,"4","Subject"
"566_4","566",2023-03-09 17:05:46,"4","Subject"
"567_4","567",2023-03-14 21:35:13.5,"4","Subject"
"568_4","568",2023-03-15 10:33:14,"4","Subject"
"569_4","569",2023-03-12 17:32:29.5,"4","Subject"
"572_4","572",2023-03-19 22:10:38.5,"4","Subject"
"576_4","576",2023-03-11 23:55:57,"4","Subject"
"581_4","581",2023-03-12 09:20:37,"4","Subject"
"582_4","582",2023-03-14 09:05:52,"4","Subject"
"585_4","585",2023-03-11 14:28:09,"4","Subject"
"587_4","587",2023-03-09 15:32:37,"4","Subject"
"588_4","588",2023-03-12 07:32:49,"4","Subject"
"591_4","591",2023-03-12 08:24:55.5,"4","Subject"
"593_4","593",2023-03-10 15:32:03.5,"4","Subject"
"595_4","595",2023-03-11 23:32:57.5,"4","Subject"
"596_4","596",2023-03-19 03:45:24.5,"4","Subject"
"597_4","597",2023-03-17 06:36:42,"4","Subject"
"603_4","603",2023-03-11 11:45:09.5,"4","Subject"
"619_4","619",2023-03-09 11:14:18,"4","Subject"
"630_4","630",2023-03-16 16:30:22,"4","Subject"
"641_4","641",2023-03-11 10:44:10.5,"4","Subject"
"647_4","647",2023-03-16 21:15:54.5,"4","Subject"
"658_4","658",2023-03-20 17:08:41,"4","Subject"
"660_4","660",2023-03-13 02:46:33.5,"4","Subject"
"663_4","663",2023-03-14 14:50:47,"4","Subject"
"670_4","670",2023-03-15 10:35:39.5,"4","Subject"
"674_4","674",2023-03-13 14:50:06,"4","Subject"
"676_4","676",2023-03-16 14:17:06,"4","Subject"
"678_4","678",2023-03-12 07:00:02.5,"4","Subject"
"679_4","679",2023-03-13 03:24:15,"4","Subject"
"681_4","681",2023-03-13 09:12:07.5,"4","Subject"
"688_4","688",2023-03-12 08:53:49.5,"4","Subject"
"692_4","692",2023-03-16 11:04:37,"4","Subject"
"693_4","693",2023-03-09 22:37:02,"4","Subject"
"707_4","707",2023-03-16 22:39:54.5,"4","Subject"
"738_4","738",2023-03-13 13:41:11.5,"4","Subject"
"749_4","749",2023-03-13 07:30:58,"4","Subject"
"753_4","753",2023-03-18 10:14:15.5,"4","Subject"
"760_4","760",2023-03-09 13:56:08,"4","Subject"
"789_4","789",2023-03-15 13:20:24.5,"4","Subject"
"791_4","791",2023-03-09 11:33:25.5,"4","Subject"
"799_4","799",2023-03-14 19:20:02,"4","Subject"
"806_4","806",2023-03-17 18:59:20,"4","Subject"
"807_4","807",2023-03-09 11:15:45,"4","Subject"
"812_4","812",2023-03-12 14:06:37.5,"4","Subject"
"813_4","813",2023-03-16 14:07:48.5,"4","Subject"
"815_4","815",2023-03-24 17:11:02.5,"4","Subject"
"816_4","816",2023-03-13 02:09:14,"4","Subject"
"824_4","824",2023-03-25 19:31:16,"4","Subject"
"834_4","834",2023-03-17 02:08:47,"4","Subject"
"838_4","838",2023-03-09 09:27:57.5,"4","Subject"
"839_4","839",2023-03-10 02:09:05.5,"4","Subject"
"840_4","840",2023-03-12 13:57:14.5,"4","Subject"
"851_4","851",2023-03-23 11:57:01.5,"4","Subject"
"854_4","854",2023-03-11 10:24:11.5,"4","Subject"
"856_4","856",2023-03-12 04:29:32,"4","Subject"
"861_4","861",2023-03-12 05:47:18.5,"4","Subject"
"875_4","875",2023-03-09 09:22:10,"4","Subject"
"879_4","879",2023-03-11 09:29:21.5,"4","Subject"
"882_4","882",2023-03-13 09:20:48,"4","Subject"
"889_4","889",2023-03-18 05:03:41,"4","Subject"
"891_4","891",2023-03-18 09:33:06.5,"4","Subject"
"899_4","899",2023-03-10 15:25:55.5,"4","Subject"
"900_4","900",2023-03-09 19:28:00,"4","Subject"
"901_4","901",2023-03-09 09:33:32,"4","Subject"
"912_4","912",2023-03-14 17:19:47,"4","Subject"
"913_4","913",2023-03-20 09:29:01,"4","Subject"
"918_4","918",2023-03-12 22:55:15,"4","Subject"
"919_4","919",2023-03-09 11:48:14.5,"4","Subject"
"923_4","923",2023-03-16 13:39:37,"4","Subject"
"931_4","931",2023-03-15 04:58:15,"4","Subject"
"938_4","938",2023-03-09 09:24:21.5,"4","Subject"
"942_4","942",2023-03-10 05:46:28,"4","Subject"
"943_4","943",2023-03-16 10:56:04.5,"4","Subject"
"948_4","948",2023-03-13 09:35:48.5,"4","Subject"
"950_4","950",2023-03-14 06:49:53,"4","Subject"
"957_4","957",2023-03-13 22:44:44,"4","Subject"
"962_4","962",2023-03-09 09:41:35,"4","Subject"
"963_4","963",2023-03-20 22:33:34,"4","Subject"
"969_4","969",2023-03-13 09:22:33.5,"4","Subject"
"972_4","972",2023-03-13 09:19:47,"4","Subject"
"979_4","979",2023-03-11 11:06:16.5,"4","Subject"
"985_4","985",2023-03-09 12:03:56,"4","Subject"
"989_4","989",2023-03-11 10:12:38,"4","Subject"
"990_4","990",2023-03-14 15:29:45.5,"4","Subject"
"1002_4","1002",2023-03-13 13:08:05,"4","Subject"
"1004_4","1004",2023-03-14 10:15:07.5,"4","Subject"
"1018_4","1018",2023-03-11 22:38:31,"4","Subject"
"1024_4","1024",2023-03-14 15:30:14,"4","Subject"
"1025_4","1025",2023-03-14 11:12:18,"4","Subject"
"1026_4","1026",2023-03-09 17:42:21.5,"4","Subject"
"1027_4","1027",2023-03-19 07:06:54,"4","Subject"
"1030_4","1030",2023-03-11 18:54:09,"4","Subject"
"1031_4","1031",2023-03-17 03:13:50.5,"4","Subject"
"1035_4","1035",2023-03-14 11:03:04,"4","Subject"
"1041_4","1041",2023-03-14 11:06:36.5,"4","Subject"
"1042_4","1042",2023-03-14 16:05:13.5,"4","Subject"
"1043_4","1043",2023-03-14 22:57:55,"4","Subject"
"1046_4","1046",2023-03-09 13:55:50.5,"4","Subject"
"1050_4","1050",2023-03-11 10:04:33,"4","Subject"
"1052_4","1052",2023-03-11 17:16:09,"4","Subject"
"1056_4","1056",2023-03-09 21:33:57,"4","Subject"
"1060_4","1060",2023-03-15 11:45:46,"4","Subject"
"1067_4","1067",2023-03-12 02:09:57.5,"4","Subject"
"1073_4","1073",2023-03-10 06:25:08.5,"4","Subject"
"1076_4","1076",2023-03-11 12:45:45.5,"4","Subject"
"1080_4","1080",2023-03-21 12:48:18,"4","Subject"
"1081_4","1081",2023-03-11 14:50:44,"4","Subject"
"1084_4","1084",2023-03-13 14:47:13.5,"4","Subject"
"1088_4","1088",2023-03-13 09:09:02.5,"4","Subject"
"1089_4","1089",2023-03-11 16:04:51.5,"4","Subject"
"1090_4","1090",2023-03-11 12:33:27,"4","Subject"
"1091_4","1091",2023-03-16 23:41:12,"4","Subject"
"1094_4","1094",2023-03-14 15:49:06,"4","Subject"
"1098_4","1098",2023-03-09 09:24:56.5,"4","Subject"
"1099_4","1099",2023-03-09 11:57:12,"4","Subject"
"1105_4","1105",2023-03-09 21:23:30.5,"4","Subject"
"1106_4","1106",2023-03-14 17:56:38.5,"4","Subject"
"1114_4","1114",2023-03-09 11:03:30.5,"4","Subject"
"1120_4","1120",2023-03-13 18:45:17.5,"4","Subject"
"1124_4","1124",2023-03-11 04:37:10.5,"4","Subject"
"1126_4","1126",2023-03-13 01:01:11,"4","Subject"
"1127_4","1127",2023-03-16 02:32:36,"4","Subject"
"1130_4","1130",2023-03-13 06:26:17,"4","Subject"
"1137_4","1137",2023-03-13 15:10:41,"4","Subject"
"1138_4","1138",2023-03-12 13:26:27,"4","Subject"
"1139_4","1139",2023-03-11 17:22:04.5,"4","Subject"
"1147_4","1147",2023-03-17 09:12:33,"4","Subject"
"1148_4","1148",2023-03-14 01:43:25.5,"4","Subject"
"1156_4","1156",2023-03-09 19:43:22,"4","Subject"
"1164_4","1164",2023-03-15 13:08:31,"4","Subject"
"1173_4","1173",2023-03-14 09:04:12,"4","Subject"
"1176_4","1176",2023-03-10 16:13:03.5,"4","Subject"
"1183_4","1183",2023-03-12 23:13:53,"4","Subject"
"1186_4","1186",2023-03-22 09:19:20.5,"4","Subject"
"1204_4","1204",2023-03-09 10:15:29.5,"4","Subject"
"1211_4","1211",2023-03-09 09:36:26,"4","Subject"
"1213_4","1213",2023-03-09 18:34:36.5,"4","Subject"
"1227_4","1227",2023-03-15 14:09:33,"4","Subject"
"1231_4","1231",2023-03-12 15:09:06,"4","Subject"
"1232_4","1232",2023-03-14 03:42:10,"4","Subject"
"1233_4","1233",2023-03-10 10:49:46,"4","Subject"
"1235_4","1235",2023-03-11 13:04:32.5,"4","Subject"
"1249_4","1249",2023-03-10 13:46:16,"4","Subject"
"1253_4","1253",2023-03-12 00:19:35.5,"4","Subject"
"1255_4","1255",2023-03-11 09:43:20,"4","Subject"
"1258_4","1258",2023-03-11 12:07:20,"4","Subject"
"1262_4","1262",2023-03-10 22:52:30,"4","Subject"
"1265_4","1265",2023-03-12 18:47:39,"4","Subject"
"1271_4","1271",2023-03-16 11:52:33,"4","Subject"
"1276_4","1276",2023-03-09 09:25:55,"4","Subject"
"1278_4","1278",2023-03-12 08:33:44,"4","Subject"
"1284_4","1284",2023-03-15 04:21:42,"4","Subject"
"1285_4","1285",2023-03-12 11:34:11,"4","Subject"
"1287_4","1287",2023-03-13 00:17:56,"4","Subject"
"1288_4","1288",2023-03-09 19:22:01,"4","Subject"
"1296_4","1296",2023-03-17 13:11:33,"4","Subject"
"1316_4","1316",2023-03-15 14:06:38.5,"4","Subject"
"1320_4","1320",2023-03-15 01:13:13,"4","Subject"
"1328_4","1328",2023-03-14 10:36:14.5,"4","Subject"
"1332_4","1332",2023-03-15 07:56:44.5,"4","Subject"
"1340_4","1340",2023-03-16 02:06:21,"4","Subject"
"1349_4","1349",2023-03-11 11:41:26.5,"4","Subject"
"1355_4","1355",2023-03-17 10:08:47.5,"4","Subject"
"1361_4","1361",2023-03-12 01:19:16.5,"4","Subject"
"1372_4","1372",2023-03-13 08:36:39,"4","Subject"
"1384_4","1384",2023-03-09 10:39:15.5,"4","Subject"
"1401_4","1401",2023-03-20 22:53:13.5,"4","Subject"
"1405_4","1405",2023-03-14 01:17:08.5,"4","Subject"
"1409_4","1409",2023-03-17 09:40:27,"4","Subject"
"1417_4","1417",2023-03-10 00:07:40.5,"4","Subject"
"1424_4","1424",2023-03-12 04:50:28.5,"4","Subject"
"1431_4","1431",2023-03-16 13:48:52,"4","Subject"
"1434_4","1434",2023-03-14 23:18:39.5,"4","Subject"
"1439_4","1439",2023-03-19 02:36:09.5,"4","Subject"
"1459_4","1459",2023-03-11 09:11:13,"4","Subject"
"1460_4","1460",2023-03-09 09:30:10,"4","Subject"
"1464_4","1464",2023-03-09 09:29:50.5,"4","Subject"
"1467_4","1467",2023-03-09 09:13:51.5,"4","Subject"
"1469_4","1469",2023-03-14 19:25:29.5,"4","Subject"
"1471_4","1471",2023-03-13 00:07:55.5,"4","Subject"
"1481_4","1481",2023-03-09 12:02:57,"4","Subject"
"1501_4","1501",2023-03-21 19:30:50.5,"4","Subject"
"1505_4","1505",2023-03-09 13:25:45.5,"4","Subject"
"1507_4","1507",2023-03-13 00:46:25.5,"4","Subject"
"1513_4","1513",2023-03-14 16:52:30.5,"4","Subject"
"1524_4","1524",2023-03-15 23:05:11.5,"4","Subject"
"1533_4","1533",2023-03-16 18:27:51,"4","Subject"
"1534_4","1534",2023-03-19 21:52:13,"4","Subject"
"1539_4","1539",2023-03-18 09:24:16,"4","Subject"
"1543_4","1543",2023-03-12 23:05:40,"4","Subject"
"1545_4","1545",2023-03-18 02:53:00,"4","Subject"
"1551_4","1551",2023-03-16 22:02:40.5,"4","Subject"
"1658_4","1658",2023-03-11 04:45:44.5,"4","Subject"
"1665_4","1665",2023-03-11 09:42:17.5,"4","Subject"
"1673_4","1673",2023-03-14 15:22:59,"4","Subject"
"1677_4","1677",2023-03-12 10:50:58,"4","Subject"
"1680_4","1680",2023-03-16 17:00:22.5,"4","Subject"
"1_5","1",2023-06-08 14:52:29.5,"5","Subject"
"7_5","7",2023-06-08 17:13:11,"5","Subject"
"15_5","15",2023-06-14 10:30:59.5,"5","Subject"
"16_5","16",2023-06-21 02:22:08,"5","Subject"
"19_5","19",2023-06-10 18:37:42.5,"5","Subject"
"20_5","20",2023-06-08 21:39:16,"5","Subject"
"24_5","24",2023-06-16 11:45:16,"5","Subject"
"25_5","25",2023-06-15 02:50:36,"5","Subject"
"29_5","29",2023-06-13 23:20:31,"5","Subject"
"34_5","34",2023-06-16 02:41:10,"5","Subject"
"35_5","35",2023-06-13 13:47:49,"5","Subject"
"39_5","39",2023-07-31 07:20:35.5,"5","Subject"
"40_5","40",2023-06-11 19:54:11,"5","Subject"
"41_5","41",2023-06-08 16:54:08,"5","Subject"
"43_5","43",2023-06-11 23:52:19.5,"5","Subject"
"46_5","46",2023-06-24 08:54:02,"5","Subject"
"47_5","47",2023-06-18 19:55:40,"5","Subject"
"48_5","48",2023-06-14 16:45:56,"5","Subject"
"49_5","49",2023-06-10 00:55:20.5,"5","Subject"
"50_5","50",2023-06-08 15:24:10,"5","Subject"
"51_5","51",2023-06-16 10:26:31.5,"5","Subject"
"63_5","63",2023-06-13 19:18:13.5,"5","Subject"
"65_5","65",2023-06-14 10:16:23,"5","Subject"
"66_5","66",2023-06-13 04:38:33.5,"5","Subject"
"67_5","67",2023-06-09 18:48:12.5,"5","Subject"
"68_5","68",2023-06-21 13:57:44,"5","Subject"
"69_5","69",2023-06-10 16:55:31.5,"5","Subject"
"74_5","74",2023-06-08 21:07:31,"5","Subject"
"78_5","78",2023-06-11 04:31:07,"5","Subject"
"79_5","79",2023-06-21 13:49:23,"5","Subject"
"81_5","81",2023-06-12 20:39:14,"5","Subject"
"87_5","87",2023-06-15 05:46:51,"5","Subject"
"88_5","88",2023-06-13 14:00:56,"5","Subject"
"89_5","89",2023-06-13 09:19:06,"5","Subject"
"91_5","91",2023-06-09 04:49:03.5,"5","Subject"
"97_5","97",2023-06-08 20:24:20.5,"5","Subject"
"101_5","101",2023-06-14 05:40:33.5,"5","Subject"
"103_5","103",2023-06-20 03:58:54.5,"5","Subject"
"110_5","110",2023-06-11 19:37:49.5,"5","Subject"
"111_5","111",2023-06-18 08:40:54.5,"5","Subject"
"113_5","113",2023-06-17 13:19:57,"5","Subject"
"114_5","114",2023-06-13 18:50:36,"5","Subject"
"116_5","116",2023-06-08 20:15:44.5,"5","Subject"
"119_5","119",2023-06-22 19:17:17,"5","Subject"
"121_5","121",2023-06-12 14:30:41,"5","Subject"
"125_5","125",2023-06-26 13:22:21.5,"5","Subject"
"127_5","127",2023-06-10 20:31:51,"5","Subject"
"129_5","129",2023-06-14 02:01:48,"5","Subject"
"130_5","130",2023-06-15 20:54:17,"5","Subject"
"134_5","134",2023-06-20 05:11:40.5,"5","Subject"
"135_5","135",2023-06-14 12:10:42.5,"5","Subject"
"137_5","137",2023-06-15 05:16:04,"5","Subject"
"138_5","138",2023-06-12 08:06:23,"5","Subject"
"141_5","141",2023-06-09 15:18:36,"5","Subject"
"142_5","142",2023-06-09 15:29:01,"5","Subject"
"149_5","149",2023-06-13 14:13:30.5,"5","Subject"
"150_5","150",2023-06-16 12:40:03,"5","Subject"
"151_5","151",2023-06-12 04:06:20,"5","Subject"
"152_5","152",2023-06-08 15:00:40,"5","Subject"
"153_5","153",2023-06-12 16:08:16,"5","Subject"
"157_5","157",2023-06-10 18:22:18,"5","Subject"
"161_5","161",2023-06-08 16:15:57.5,"5","Subject"
"162_5","162",2023-06-16 15:28:59.5,"5","Subject"
"163_5","163",2023-06-09 00:04:19,"5","Subject"
"164_5","164",2023-06-20 23:59:01,"5","Subject"
"165_5","165",2023-06-28 02:54:35,"5","Subject"
"168_5","168",2023-06-18 23:44:20.5,"5","Subject"
"171_5","171",2023-06-13 12:22:01.5,"5","Subject"
"172_5","172",2023-06-13 16:18:23,"5","Subject"
"176_5","176",2023-06-14 00:22:59.5,"5","Subject"
"182_5","182",2023-06-18 10:53:22.5,"5","Subject"
"183_5","183",2023-06-14 12:01:15,"5","Subject"
"186_5","186",2023-06-12 10:55:47,"5","Subject"
"191_5","191",2023-06-10 01:44:42,"5","Subject"
"197_5","197",2023-06-22 11:12:29.5,"5","Subject"
"201_5","201",2023-06-12 18:19:07.5,"5","Subject"
"203_5","203",2023-06-13 14:32:42,"5","Subject"
"205_5","205",2023-06-13 04:19:14.5,"5","Subject"
"209_5","209",2023-06-11 14:22:01,"5","Subject"
"211_5","211",2023-06-12 08:32:59.5,"5","Subject"
"213_5","213",2023-06-18 09:53:12,"5","Subject"
"214_5","214",2023-06-16 08:11:43,"5","Subject"
"215_5","215",2023-06-23 18:40:34.5,"5","Subject"
"216_5","216",2023-06-12 05:19:14,"5","Subject"
"217_5","217",2023-06-11 05:59:40.5,"5","Subject"
"220_5","220",2023-06-08 18:19:57,"5","Subject"
"223_5","223",2023-06-18 11:23:35.5,"5","Subject"
"224_5","224",2023-06-12 11:25:45.5,"5","Subject"
"226_5","226",2023-06-18 02:42:13,"5","Subject"
"227_5","227",2023-06-13 05:01:16.5,"5","Subject"
"228_5","228",2023-06-08 16:17:41.5,"5","Subject"
"233_5","233",2023-06-12 20:07:59.5,"5","Subject"
"234_5","234",2023-06-28 21:24:28,"5","Subject"
"235_5","235",2023-06-10 22:57:47,"5","Subject"
"236_5","236",2023-06-22 10:30:59.5,"5","Subject"
"245_5","245",2023-06-14 12:22:32,"5","Subject"
"251_5","251",2023-06-25 08:46:54.5,"5","Subject"
"252_5","252",2023-06-09 11:53:49,"5","Subject"
"254_5","254",2023-06-09 04:20:47,"5","Subject"
"257_5","257",2023-06-08 20:27:21,"5","Subject"
"263_5","263",2023-06-17 10:39:51,"5","Subject"
"264_5","264",2023-06-16 15:40:03,"5","Subject"
"266_5","266",2023-06-13 12:35:32.5,"5","Subject"
"267_5","267",2023-06-08 20:42:21.5,"5","Subject"
"268_5","268",2023-06-13 07:45:26,"5","Subject"
"272_5","272",2023-06-22 17:15:05.5,"5","Subject"
"275_5","275",2023-06-19 03:29:22.5,"5","Subject"
"277_5","277",2023-06-13 07:41:01,"5","Subject"
"285_5","285",2023-06-19 15:32:37,"5","Subject"
"288_5","288",2023-06-10 19:11:32.5,"5","Subject"
"289_5","289",2023-06-14 19:33:41.5,"5","Subject"
"291_5","291",2023-06-10 20:58:57.5,"5","Subject"
"293_5","293",2023-06-11 10:34:08,"5","Subject"
"295_5","295",2023-06-15 10:24:28,"5","Subject"
"296_5","296",2023-06-11 19:17:49.5,"5","Subject"
"298_5","298",2023-06-15 07:07:24,"5","Subject"
"302_5","302",2023-06-14 16:35:27.5,"5","Subject"
"310_5","310",2023-06-09 08:09:01.5,"5","Subject"
"317_5","317",2023-06-12 21:00:07.5,"5","Subject"
"321_5","321",2023-06-14 17:58:16,"5","Subject"
"326_5","326",2023-06-19 18:05:41,"5","Subject"
"328_5","328",2023-06-09 01:50:26.5,"5","Subject"
"329_5","329",2023-07-11 11:37:46,"5","Subject"
"335_5","335",2023-06-16 13:07:53,"5","Subject"
"339_5","339",2023-06-14 11:52:06,"5","Subject"
"343_5","343",2023-06-16 12:18:18.5,"5","Subject"
"346_5","346",2023-06-15 17:55:43,"5","Subject"
"349_5","349",2023-06-10 15:15:41,"5","Subject"
"350_5","350",2023-06-09 14:52:54.5,"5","Subject"
"351_5","351",2023-06-15 14:15:36.5,"5","Subject"
"352_5","352",2023-06-16 23:56:16.5,"5","Subject"
"353_5","353",2023-06-13 08:36:38,"5","Subject"
"354_5","354",2023-06-08 20:12:57,"5","Subject"
"358_5","358",2023-06-11 16:27:51.5,"5","Subject"
"361_5","361",2023-06-16 05:02:56,"5","Subject"
"363_5","363",2023-06-16 11:06:52,"5","Subject"
"364_5","364",2023-06-12 10:58:49,"5","Subject"
"366_5","366",2023-06-17 12:10:49,"5","Subject"
"369_5","369",2023-06-10 16:26:53,"5","Subject"
"370_5","370",2023-06-18 12:46:38,"5","Subject"
"373_5","373",2023-06-09 00:07:37.5,"5","Subject"
"379_5","379",2023-06-18 16:53:09.5,"5","Subject"
"381_5","381",2023-06-23 00:37:12.5,"5","Subject"
"383_5","383",2023-06-11 21:17:03.5,"5","Subject"
"384_5","384",2023-06-08 16:45:50.5,"5","Subject"
"385_5","385",2023-06-17 15:09:19,"5","Subject"
"386_5","386",2023-06-11 20:15:14.5,"5","Subject"
"396_5","396",2023-06-25 10:02:54.5,"5","Subject"
"399_5","399",2023-06-25 18:13:23,"5","Subject"
"403_5","403",2023-06-19 23:38:26,"5","Subject"
"407_5","407",2023-06-09 22:17:09,"5","Subject"
"409_5","409",2023-06-15 08:44:38,"5","Subject"
"414_5","414",2023-06-09 20:26:06,"5","Subject"
"416_5","416",2023-06-21 00:36:34.5,"5","Subject"
"422_5","422",2023-06-15 07:02:08.5,"5","Subject"
"425_5","425",2023-06-10 19:52:04,"5","Subject"
"426_5","426",2023-06-13 22:53:17.5,"5","Subject"
"429_5","429",2023-06-09 06:41:55.5,"5","Subject"
"431_5","431",2023-06-12 11:49:32,"5","Subject"
"433_5","433",2023-06-16 09:46:50.5,"5","Subject"
"434_5","434",2023-06-11 14:25:23.5,"5","Subject"
"437_5","437",2023-06-09 07:32:20.5,"5","Subject"
"439_5","439",2023-06-14 13:47:57,"5","Subject"
"454_5","454",2023-06-15 02:10:22,"5","Subject"
"461_5","461",2023-06-16 07:00:40,"5","Subject"
"462_5","462",2023-07-04 13:37:09,"5","Subject"
"466_5","466",2023-06-18 23:36:10.5,"5","Subject"
"474_5","474",2023-06-14 14:19:05,"5","Subject"
"476_5","476",2023-06-13 12:02:02,"5","Subject"
"479_5","479",2023-06-11 19:36:32,"5","Subject"
"480_5","480",2023-06-20 07:01:29,"5","Subject"
"488_5","488",2023-06-15 12:09:16.5,"5","Subject"
"494_5","494",2023-06-12 10:37:03,"5","Subject"
"499_5","499",2023-06-17 01:59:03,"5","Subject"
"501_5","501",2023-06-21 16:01:37,"5","Subject"
"505_5","505",2023-06-22 16:50:53,"5","Subject"
"509_5","509",2023-06-08 16:09:04.5,"5","Subject"
"510_5","510",2023-06-10 19:51:39.5,"5","Subject"
"511_5","511",2023-06-08 21:05:44,"5","Subject"
"512_5","512",2023-06-15 11:47:41.5,"5","Subject"
"513_5","513",2023-06-10 16:20:13,"5","Subject"
"521_5","521",2023-06-10 14:33:33,"5","Subject"
"524_5","524",2023-06-08 22:38:07.5,"5","Subject"
"529_5","529",2023-06-20 15:10:18,"5","Subject"
"535_5","535",2023-06-16 20:18:24.5,"5","Subject"
"536_5","536",2023-06-12 10:10:33.5,"5","Subject"
"537_5","537",2023-06-10 17:19:41.5,"5","Subject"
"538_5","538",2023-06-10 11:51:19,"5","Subject"
"540_5","540",2023-06-08 21:00:39.5,"5","Subject"
"543_5","543",2023-06-19 12:13:47,"5","Subject"
"547_5","547",2023-06-08 17:41:21.5,"5","Subject"
"550_5","550",2023-06-16 03:56:49,"5","Subject"
"551_5","551",2023-06-20 09:36:24,"5","Subject"
"554_5","554",2023-06-13 23:52:52,"5","Subject"
"559_5","559",2023-07-06 09:10:05.5,"5","Subject"
"566_5","566",2023-06-09 14:52:27.5,"5","Subject"
"567_5","567",2023-06-12 16:20:57.5,"5","Subject"
"568_5","568",2023-06-12 14:56:21.5,"5","Subject"
"569_5","569",2023-06-13 20:25:00.5,"5","Subject"
"572_5","572",2023-06-23 05:57:41,"5","Subject"
"576_5","576",2023-06-21 09:32:48,"5","Subject"
"581_5","581",2023-06-16 01:18:37,"5","Subject"
"582_5","582",2023-06-12 11:48:36,"5","Subject"
"585_5","585",2023-06-16 04:37:21.5,"5","Subject"
"587_5","587",2023-06-08 19:18:11.5,"5","Subject"
"588_5","588",2023-06-13 13:55:43,"5","Subject"
"591_5","591",2023-06-18 08:58:56,"5","Subject"
"593_5","593",2023-06-09 18:15:44.5,"5","Subject"
"595_5","595",2023-06-16 11:52:38,"5","Subject"
"596_5","596",2023-06-17 02:04:23.5,"5","Subject"
"597_5","597",2023-06-18 15:01:28.5,"5","Subject"
"603_5","603",2023-06-10 21:26:19,"5","Subject"
"619_5","619",2023-06-14 10:36:45,"5","Subject"
"630_5","630",2023-06-14 10:35:08,"5","Subject"
"641_5","641",2023-06-18 10:01:36,"5","Subject"
"647_5","647",2023-06-13 18:56:53.5,"5","Subject"
"648_5","648",2023-06-22 08:01:27.5,"5","Subject"
"658_5","658",2023-06-22 11:45:02.5,"5","Subject"
"660_5","660",2023-06-17 14:24:57.5,"5","Subject"
"663_5","663",2023-06-21 05:04:29,"5","Subject"
"670_5","670",2023-06-11 12:02:54.5,"5","Subject"
"674_5","674",2023-07-02 03:20:09,"5","Subject"
"676_5","676",2023-07-03 09:41:41,"5","Subject"
"678_5","678",2023-06-16 05:55:52.5,"5","Subject"
"679_5","679",2023-06-17 19:42:01.5,"5","Subject"
"681_5","681",2023-06-18 17:41:12.5,"5","Subject"
"688_5","688",2023-06-13 13:15:17,"5","Subject"
"692_5","692",2023-06-14 10:03:23.5,"5","Subject"
"693_5","693",2023-06-11 05:10:10,"5","Subject"
"707_5","707",2023-06-12 04:42:49,"5","Subject"
"711_5","711",2023-06-08 15:03:40,"5","Subject"
"713_5","713",2023-06-19 11:46:39,"5","Subject"
"738_5","738",2023-06-10 09:27:56.5,"5","Subject"
"749_5","749",2023-06-13 08:08:53.5,"5","Subject"
"753_5","753",2023-06-15 13:22:54,"5","Subject"
"760_5","760",2023-06-10 08:59:21.5,"5","Subject"
"789_5","789",2023-06-13 05:56:01,"5","Subject"
"791_5","791",2023-06-16 01:40:54.5,"5","Subject"
"799_5","799",2023-06-19 11:42:03.5,"5","Subject"
"806_5","806",2023-06-19 12:50:39,"5","Subject"
"807_5","807",2023-06-14 13:20:20.5,"5","Subject"
"812_5","812",2023-06-14 13:39:30,"5","Subject"
"813_5","813",2023-06-11 08:28:38,"5","Subject"
"815_5","815",2023-06-08 15:58:42,"5","Subject"
"816_5","816",2023-06-16 09:42:56.5,"5","Subject"
"824_5","824",2023-06-28 14:46:33.5,"5","Subject"
"828_5","828",2023-06-14 06:55:07,"5","Subject"
"834_5","834",2023-06-20 06:12:16.5,"5","Subject"
"838_5","838",2023-06-14 13:20:30.5,"5","Subject"
"839_5","839",2023-06-09 01:21:35,"5","Subject"
"840_5","840",2023-06-12 22:26:14.5,"5","Subject"
"851_5","851",2023-06-18 15:22:05,"5","Subject"
"854_5","854",2023-06-08 15:31:30.5,"5","Subject"
"856_5","856",2023-06-30 08:48:51,"5","Subject"
"861_5","861",2023-06-22 15:56:02,"5","Subject"
"875_5","875",2023-06-09 07:57:21,"5","Subject"
"879_5","879",2023-06-11 10:30:27,"5","Subject"
"882_5","882",2023-06-08 15:19:12.5,"5","Subject"
"889_5","889",2023-06-15 02:02:31.5,"5","Subject"
"891_5","891",2023-06-26 12:19:16,"5","Subject"
"897_5","897",2023-06-08 18:08:13,"5","Subject"
"899_5","899",2023-06-10 18:21:22,"5","Subject"
"900_5","900",2023-06-13 20:44:08.5,"5","Subject"
"901_5","901",2023-06-12 13:48:07,"5","Subject"
"912_5","912",2023-06-14 16:05:38.5,"5","Subject"
"913_5","913",2023-06-13 06:59:54,"5","Subject"
"918_5","918",2023-06-23 11:54:04.5,"5","Subject"
"919_5","919",2023-06-13 19:16:55,"5","Subject"
"923_5","923",2023-06-08 16:08:50.5,"5","Subject"
"931_5","931",2023-06-11 17:05:33,"5","Subject"
"938_5","938",2023-06-11 15:37:00,"5","Subject"
"942_5","942",2023-06-21 17:08:09,"5","Subject"
"943_5","943",2023-06-12 01:14:18,"5","Subject"
"948_5","948",2023-06-11 11:47:01.5,"5","Subject"
"950_5","950",2023-06-14 20:38:19,"5","Subject"
"957_5","957",2023-06-19 11:44:11,"5","Subject"
"962_5","962",2023-06-08 19:29:06,"5","Subject"
"963_5","963",2023-06-17 13:37:24,"5","Subject"
"969_5","969",2023-06-13 09:16:30,"5","Subject"
"972_5","972",2023-06-13 07:13:54,"5","Subject"
"976_5","976",2023-06-12 08:12:49,"5","Subject"
"979_5","979",2023-06-14 06:28:28.5,"5","Subject"
"985_5","985",2023-06-10 01:50:26.5,"5","Subject"
"989_5","989",2023-06-10 18:36:53,"5","Subject"
"990_5","990",2023-07-07 14:05:44.5,"5","Subject"
"1002_5","1002",2023-06-14 10:47:22,"5","Subject"
"1004_5","1004",2023-06-08 19:24:10,"5","Subject"
"1011_5","1011",2023-07-07 00:22:38.5,"5","Subject"
"1018_5","1018",2023-06-15 13:08:38.5,"5","Subject"
"1024_5","1024",2023-06-16 14:17:37.5,"5","Subject"
"1025_5","1025",2023-06-14 10:47:05,"5","Subject"
"1026_5","1026",2023-06-22 11:13:56.5,"5","Subject"
"1027_5","1027",2023-06-12 05:42:34,"5","Subject"
"1030_5","1030",2023-06-12 08:57:08,"5","Subject"
"1031_5","1031",2023-06-17 05:42:34,"5","Subject"
"1035_5","1035",2023-06-17 16:32:22,"5","Subject"
"1041_5","1041",2023-06-14 08:30:27,"5","Subject"
"1042_5","1042",2023-06-14 10:03:12.5,"5","Subject"
"1043_5","1043",2023-06-14 09:29:50.5,"5","Subject"
"1046_5","1046",2023-06-08 15:44:08,"5","Subject"
"1050_5","1050",2023-06-12 13:08:37.5,"5","Subject"
"1052_5","1052",2023-06-10 10:50:42,"5","Subject"
"1056_5","1056",2023-06-09 02:06:43.5,"5","Subject"
"1060_5","1060",2023-06-12 19:50:00,"5","Subject"
"1067_5","1067",2023-06-08 16:24:17.5,"5","Subject"
"1073_5","1073",2023-06-10 13:49:48,"5","Subject"
"1076_5","1076",2023-06-10 19:19:28,"5","Subject"
"1080_5","1080",2023-06-16 13:36:19,"5","Subject"
"1081_5","1081",2023-06-12 08:21:06.5,"5","Subject"
"1084_5","1084",2023-06-11 11:16:24.5,"5","Subject"
"1088_5","1088",2023-06-10 03:06:57,"5","Subject"
"1089_5","1089",2023-06-10 16:48:12.5,"5","Subject"
"1090_5","1090",2023-06-10 12:54:22.5,"5","Subject"
"1091_5","1091",2023-06-14 10:56:02,"5","Subject"
"1094_5","1094",2023-06-10 15:54:31,"5","Subject"
"1098_5","1098",2023-06-18 09:12:51,"5","Subject"
"1099_5","1099",2023-06-12 09:26:41.5,"5","Subject"
"1105_5","1105",2023-06-08 21:53:00,"5","Subject"
"1106_5","1106",2023-06-16 10:26:58,"5","Subject"
"1114_5","1114",2023-06-14 10:44:01,"5","Subject"
"1120_5","1120",2023-06-09 23:39:39.5,"5","Subject"
"1124_5","1124",2023-06-11 01:07:45.5,"5","Subject"
"1126_5","1126",2023-06-14 06:53:25.5,"5","Subject"
"1127_5","1127",2023-06-14 10:40:13,"5","Subject"
"1130_5","1130",2023-06-08 17:03:58.5,"5","Subject"
"1137_5","1137",2023-06-15 08:41:44.5,"5","Subject"
"1138_5","1138",2023-06-13 12:56:59,"5","Subject"
"1139_5","1139",2023-06-16 21:14:56,"5","Subject"
"1147_5","1147",2023-06-21 18:21:51.5,"5","Subject"
"1148_5","1148",2023-06-12 12:05:34.5,"5","Subject"
"1156_5","1156",2023-06-10 14:50:37,"5","Subject"
"1164_5","1164",2023-06-08 16:18:45.5,"5","Subject"
"1173_5","1173",2023-06-21 11:27:26,"5","Subject"
"1176_5","1176",2023-06-09 09:06:12,"5","Subject"
"1183_5","1183",2023-06-22 00:00:37,"5","Subject"
"1186_5","1186",2023-06-21 13:54:17.5,"5","Subject"
"1204_5","1204",2023-06-08 15:17:25,"5","Subject"
"1211_5","1211",2023-06-11 09:46:49.5,"5","Subject"
"1213_5","1213",2023-06-09 20:30:58,"5","Subject"
"1227_5","1227",2023-06-16 10:43:35.5,"5","Subject"
"1231_5","1231",2023-06-08 21:39:56.5,"5","Subject"
"1232_5","1232",2023-06-10 23:03:59.5,"5","Subject"
"1233_5","1233",2023-06-13 11:44:09,"5","Subject"
"1235_5","1235",2023-06-11 18:53:18,"5","Subject"
"1249_5","1249",2023-06-18 09:28:29.5,"5","Subject"
"1253_5","1253",2023-06-09 03:54:22.5,"5","Subject"
"1255_5","1255",2023-06-22 07:14:14,"5","Subject"
"1258_5","1258",2023-06-11 21:43:13.5,"5","Subject"
"1262_5","1262",2023-06-14 08:46:50.5,"5","Subject"
"1265_5","1265",2023-06-17 17:09:44.5,"5","Subject"
"1271_5","1271",2023-06-17 03:00:40,"5","Subject"
"1276_5","1276",2023-06-09 07:08:04,"5","Subject"
"1278_5","1278",2023-06-16 08:34:04,"5","Subject"
"1284_5","1284",2023-06-14 13:14:53,"5","Subject"
"1285_5","1285",2023-06-09 05:34:27,"5","Subject"
"1287_5","1287",2023-06-10 16:03:32,"5","Subject"
"1288_5","1288",2023-06-08 15:30:14,"5","Subject"
"1296_5","1296",2023-06-16 10:21:55,"5","Subject"
"1316_5","1316",2023-06-17 10:41:24.5,"5","Subject"
"1320_5","1320",2023-06-19 14:38:42.5,"5","Subject"
"1328_5","1328",2023-06-18 09:52:37.5,"5","Subject"
"1332_5","1332",2023-06-14 18:32:03.5,"5","Subject"
"1340_5","1340",2023-06-13 05:55:55,"5","Subject"
"1349_5","1349",2023-06-10 16:41:59.5,"5","Subject"
"1355_5","1355",2023-06-10 21:41:19,"5","Subject"
"1361_5","1361",2023-06-12 10:17:54.5,"5","Subject"
"1372_5","1372",2023-06-12 20:24:20.5,"5","Subject"
"1381_5","1381",2023-06-14 13:11:00,"5","Subject"
"1384_5","1384",2023-06-10 19:32:49,"5","Subject"
"1401_5","1401",2023-06-21 00:49:57.5,"5","Subject"
"1405_5","1405",2023-06-13 06:28:10.5,"5","Subject"
"1409_5","1409",2023-06-13 07:12:18,"5","Subject"
"1417_5","1417",2023-06-10 15:18:50.5,"5","Subject"
"1424_5","1424",2023-06-10 15:35:04.5,"5","Subject"
"1431_5","1431",2023-06-13 19:29:49,"5","Subject"
"1434_5","1434",2023-06-11 05:19:18,"5","Subject"
"1439_5","1439",2023-06-13 00:23:18,"5","Subject"
"1459_5","1459",2023-06-20 11:13:39,"5","Subject"
"1460_5","1460",2023-06-08 16:40:59.5,"5","Subject"
"1464_5","1464",2023-06-09 04:07:50,"5","Subject"
"1467_5","1467",2023-06-13 05:07:09.5,"5","Subject"
"1469_5","1469",2023-06-13 15:16:04,"5","Subject"
"1471_5","1471",2023-06-13 12:15:42.5,"5","Subject"
"1481_5","1481",2023-06-09 10:13:24,"5","Subject"
"1501_5","1501",2023-06-23 13:41:14,"5","Subject"
"1505_5","1505",2023-06-11 02:56:02.5,"5","Subject"
"1507_5","1507",2023-06-10 08:16:13,"5","Subject"
"1513_5","1513",2023-06-21 19:37:34,"5","Subject"
"1524_5","1524",2023-06-13 04:59:54.5,"5","Subject"
"1533_5","1533",2023-06-19 15:37:24,"5","Subject"
"1534_5","1534",2023-06-16 20:03:36,"5","Subject"
"1539_5","1539",2023-06-14 18:26:46,"5","Subject"
"1543_5","1543",2023-06-10 20:13:26.5,"5","Subject"
"1545_5","1545",2023-06-12 05:30:47.5,"5","Subject"
"1549_5","1549",2023-06-19 11:53:02,"5","Subject"
"1551_5","1551",2023-06-21 23:42:10,"5","Subject"
"1658_5","1658",2023-06-11 10:20:15.5,"5","Subject"
"1665_5","1665",2023-06-10 11:48:05,"5","Subject"
"1673_5","1673",2023-06-14 19:37:30,"5","Subject"
"1677_5","1677",2023-06-14 12:50:19,"5","Subject"
"1680_5","1680",2023-06-16 14:51:39,"5","Subject"
"1232_1","1232",2022-11-30 20:00:15.5,"1","Subject"
